post_url,company,posted_at,risk_class,total_comments,pct_negative,pct_negative_engineer,pct_toxic_burnout,pct_critical_hostile,pct_supportive,pct_negative_full,pct_negative_engineer_full,pct_toxic_burnout_full,pct_critical_hostile_full,pct_supportive_full
https://www.linkedin.com/posts/amazon_chestnuts-arent-the-only-things-roasting-activity-7407213606997614592-3_fi,amazon,2025-12-18 01:22:23,Harmful,16.0,0.125,0.5,0.0,0.125,0.875,0.1052631578947368,0.5,0.0,0.1052631578947368,0.7368421052631579
https://www.linkedin.com/posts/panos-panay-22b60ba9_another-batch-of-amazon-leo-satellites-deployed-activity-7406735241882533888-qRzK,amazon,2025-12-16 19:34:50,Helpful,22.0,0.0454545454545454,0.0,0.0454545454545454,0.0454545454545454,0.9545454545454546,0.0384615384615384,0.0,0.0384615384615384,0.0384615384615384,0.8076923076923077
https://www.linkedin.com/posts/amazon_starting-today-instagram-for-tv-is-rolling-activity-7406901410254053376-ZHiN,amazon,2025-12-17 04:41:49,Harmful,17.0,0.3529411764705882,0.7142857142857143,0.2941176470588235,0.3529411764705882,0.6470588235294118,0.2727272727272727,0.5,0.2272727272727272,0.2727272727272727,0.5
https://www.linkedin.com/posts/andy-jassy-8b1615_indias-entrepreneurial-energy-continues-activity-7404554307540283392-bwsx,amazon,2025-12-10 17:27:16,Helpful,32.0,0.15625,0.0833333333333333,0.09375,0.1875,0.78125,0.125,0.0625,0.075,0.15,0.625
https://www.linkedin.com/posts/amazon_with-a-prime-membership-holiday-shopping-activity-7405328833039495168--LeM,amazon,2025-12-12 20:32:58,Harmful,24.0,0.5416666666666666,0.8333333333333334,0.375,0.5416666666666666,0.375,0.40625,0.5555555555555556,0.28125,0.40625,0.28125
https://www.linkedin.com/posts/amazon_great-teamwork-drives-great-innovation-activity-7404966720311848963-jHtR,amazon,2025-12-11 20:34:03,Harmful,44.0,0.3863636363636363,0.4,0.0454545454545454,0.3636363636363636,0.5681818181818182,0.34,0.3076923076923077,0.04,0.32,0.5
https://www.linkedin.com/posts/amazon_live-from-amazon-web-services-aws-re-activity-7401669610724651009-ViKQ,amazon,2025-12-02 18:12:31,Helpful,41.0,0.0975609756097561,0.0588235294117647,0.024390243902439,0.0975609756097561,0.8780487804878049,0.08,0.05,0.02,0.08,0.72
https://www.linkedin.com/posts/amazon_womeninbusiness-elleactiveforum-amazonbelgium-activity-7402036463351037952-NBv8,amazon,2025-12-03 18:30:16,Helpful,7.0,0.1428571428571428,0.0,0.0,0.1428571428571428,0.8571428571428571,0.1428571428571428,0.0,0.0,0.1428571428571428,0.8571428571428571
https://www.linkedin.com/posts/andy-jassy-8b1615_love-the-black-friday-sports-extravaganza-activity-7400158364783112192--W5E,amazon,2025-11-28 16:38:06,Harmful,34.0,0.2058823529411764,0.2666666666666666,0.088235294117647,0.2058823529411764,0.7941176470588235,0.1489361702127659,0.2,0.0638297872340425,0.1489361702127659,0.574468085106383
https://www.linkedin.com/posts/amazon_major-announcements-from-amazon-this-week-activity-7397700840284794881-r_ms,amazon,2025-11-21 19:22:02,Harmful,41.0,0.4878048780487805,0.4285714285714285,0.1219512195121951,0.4878048780487805,0.4634146341463415,0.4,0.3333333333333333,0.1,0.4,0.38
https://www.linkedin.com/posts/amazon_key-findings-from-the-female-digital-entrepreneuship-activity-7397253708411146240-BoMO,amazon,2025-11-20 13:45:18,Helpful,2.0,0.0,0.0,0.0,0.0,1.0,0.0,0.0,0.0,0.0,1.0
https://www.linkedin.com/posts/amazon_sme-impact-report-event-activity-7404512817162268672-T-Aj,amazon,2025-12-10 14:30:24,Harmless,0.0,0.0,0.0,0.0,0.0,0.0,0.0,0.0,0.0,0.0,0.0
https://www.linkedin.com/posts/amazon_awsreinvent-activity-7403947218220515328-ReO1,amazon,2025-12-09 01:02:55,Harmful,48.0,0.25,0.2142857142857142,0.0208333333333333,0.25,0.75,0.25,0.2142857142857142,0.0208333333333333,0.25,0.75
https://www.linkedin.com/posts/amazon_can-you-tell-which-is-ai-and-which-is-real-activity-7402818187035340800-88lE,amazon,2025-12-05 22:16:33,Harmless,33.0,0.303030303030303,0.25,0.1515151515151515,0.303030303030303,0.6666666666666666,0.2,0.1666666666666666,0.1,0.2,0.44
https://www.linkedin.com/posts/amazon_join-amazon-web-services-aws-ceo-matt-garman-activity-7401766262567010304-Hzr4,amazon,2025-12-03 00:36:35,Harmful,28.0,0.3928571428571428,0.0,0.3214285714285714,0.3928571428571428,0.6071428571428571,0.34375,0.0,0.28125,0.34375,0.53125
https://www.linkedin.com/posts/amazon_happythanksgiving-activity-7399836516614758400-PHld,amazon,2025-11-27 16:48:27,Helpful,13.0,0.1538461538461538,0.0,0.0769230769230769,0.1538461538461538,0.8461538461538461,0.1052631578947368,0.0,0.0526315789473684,0.1052631578947368,0.5789473684210527
https://www.linkedin.com/posts/amazon_prime-videos-ai-powered-prime-insights-are-activity-7399134109366857728-LNPW,amazon,2025-11-25 18:17:20,Helpful,42.0,0.119047619047619,0.0769230769230769,0.0952380952380952,0.119047619047619,0.8809523809523809,0.108695652173913,0.0769230769230769,0.0869565217391304,0.108695652173913,0.8043478260869565
https://www.linkedin.com/posts/amazon_amazon-is-investing-up-to-50-billion-to-activity-7398753505936695296-JtIs,amazon,2025-11-24 17:04:58,Helpful,35.0,0.0571428571428571,0.1176470588235294,0.0,0.0571428571428571,0.9428571428571428,0.0408163265306122,0.0833333333333333,0.0,0.0408163265306122,0.673469387755102
https://www.linkedin.com/posts/amazon_lost-in-translation-weve-all-been-there-activity-7397370881561444352-cQeE,amazon,2025-11-20 21:30:54,Harmful,19.0,0.2631578947368421,0.3333333333333333,0.1578947368421052,0.2105263157894736,0.7368421052631579,0.2272727272727272,0.3333333333333333,0.1363636363636363,0.1818181818181818,0.6363636363636364
https://www.linkedin.com/posts/amazon_forbes-has-recognized-amazon-as-2-on-both-activity-7397080899345006592-eMD4,amazon,2025-11-20 02:18:37,Harmful,33.0,0.3333333333333333,0.125,0.2727272727272727,0.3333333333333333,0.6666666666666666,0.2558139534883721,0.0909090909090909,0.2093023255813953,0.2558139534883721,0.5116279069767442
https://www.linkedin.com/posts/amazon_amazon-is-americas-lowest-priced-online-activity-7396655918295244800-9lSl,amazon,2025-11-18 22:09:54,Harmful,40.0,0.425,0.4444444444444444,0.1,0.425,0.55,0.34,0.4210526315789473,0.08,0.34,0.44
https://www.linkedin.com/posts/amazon_musicindustry-emergingartists-europeanmusic-activity-7395126392931180545-HoJJ,amazon,2025-11-14 16:52:06,Helpful,3.0,0.0,0.0,0.0,0.0,1.0,0.0,0.0,0.0,0.0,1.0
https://www.linkedin.com/posts/andy-jassy-8b1615_excited-to-share-new-amazon-leo-ultra-is-ugcPost-7398740799150198784-ViFM,amazon,2025-11-24 16:35:10,Helpful,46.0,0.108695652173913,0.15,0.0434782608695652,0.0869565217391304,0.8260869565217391,0.1,0.1428571428571428,0.04,0.08,0.76
https://www.linkedin.com/posts/amazon_big-moves-at-amazon-this-week-across-ai-activity-7392628924813492224-IePH,amazon,2025-11-07 19:28:04,Harmful,41.0,0.3658536585365853,0.2,0.2439024390243902,0.3658536585365853,0.6341463414634146,0.3,0.15,0.2,0.3,0.52
https://www.linkedin.com/posts/andy-jassy-8b1615_pretty-much-every-amazon-project-starts-with-activity-7394782391191404544-UmZD,amazon,2025-11-13 18:08:48,Helpful,39.0,0.1025641025641025,0.0588235294117647,0.0,0.0769230769230769,0.8205128205128205,0.0816326530612244,0.0454545454545454,0.0,0.0612244897959183,0.6530612244897959
https://www.linkedin.com/posts/amazon_live-from-amazons-delivering-the-future-activity-7386822840198672384-2dw7,amazon,2025-10-22 19:56:45,Harmful,42.0,0.4285714285714285,0.3333333333333333,0.2857142857142857,0.4047619047619047,0.5476190476190477,0.375,0.25,0.25,0.3541666666666667,0.4791666666666667
https://www.linkedin.com/posts/andy-jassy-8b1615_new-multi-year-strategic-partnership-with-activity-7391116653201166336-nf4z,amazon,2025-11-03 15:24:22,Harmless,45.0,0.2,0.0952380952380952,0.0888888888888888,0.2,0.7555555555555555,0.18,0.0869565217391304,0.08,0.18,0.68
https://www.linkedin.com/posts/panos-panay-22b60ba9_our-new-echo-dot-max-and-redesigned-echo-activity-7389360613019463680-tFYU,amazon,2025-10-30 17:41:59,Harmless,24.0,0.2083333333333333,0.1666666666666666,0.0833333333333333,0.125,0.7916666666666666,0.1724137931034483,0.1111111111111111,0.0689655172413793,0.1034482758620689,0.6551724137931034
https://www.linkedin.com/posts/amazon_amazons-economic-impact-in-belgiumpdf-activity-7383532047191089152-ub-4,amazon,2025-10-13 18:00:19,Helpful,1.0,0.0,0.0,0.0,0.0,1.0,0.0,0.0,0.0,0.0,1.0
https://www.linkedin.com/posts/beth-galetti-60b1106_future-ready-2030-amazon-expands-skills-activity-7387578658644754432-bs_V,amazon,2025-10-24 22:22:14,Harmful,38.0,0.5263157894736842,0.4375,0.4210526315789473,0.5,0.4473684210526316,0.4,0.3888888888888889,0.32,0.38,0.34
https://www.linkedin.com/posts/amazon_prime-big-deal-days-is-on-for-2-days-only-activity-7381315162252898305-kxO_,amazon,2025-10-07 15:11:12,Harmful,29.0,0.3448275862068966,0.5,0.0,0.3448275862068966,0.5862068965517241,0.2,0.2666666666666666,0.0,0.2,0.34
https://www.linkedin.com/posts/amazon_launch-e-cargo-bikes-in-antwerp-activity-7394647869460242432-IUbg,amazon,2025-11-13 09:10:37,Harmless,5.0,0.2,0.0,0.0,0.2,0.8,0.1666666666666666,0.0,0.0,0.1666666666666666,0.6666666666666666
https://www.linkedin.com/posts/amazon_special-edition-inside-amazons-2025-activity-7378816623618695168-bPEq,amazon,2025-09-30 17:42:54,Harmless,39.0,0.2051282051282051,0.1428571428571428,0.0512820512820512,0.2051282051282051,0.7692307692307693,0.1666666666666666,0.125,0.0416666666666666,0.1666666666666666,0.625
https://www.linkedin.com/posts/amazon_the-amazon-editors-best-books-of-2025-activity-7394384627446145024-ystV,amazon,2025-11-12 15:44:36,Harmful,45.0,0.3555555555555555,0.3125,0.0444444444444444,0.3555555555555555,0.6222222222222222,0.3265306122448979,0.2777777777777778,0.0408163265306122,0.3265306122448979,0.5714285714285714
https://www.linkedin.com/posts/amazon_at-amazon-our-leadership-principles-guide-activity-7394114789200846848-HP65,amazon,2025-11-11 21:52:21,Harmful,37.0,0.4594594594594595,0.875,0.4054054054054054,0.4324324324324324,0.5405405405405406,0.3863636363636363,0.7,0.3409090909090909,0.3636363636363636,0.4545454545454545
https://www.linkedin.com/posts/amazon_welcome-to-the-precision-behind-your-delivery-activity-7392244443522719745-nqbs,amazon,2025-11-06 18:00:16,Harmful,39.0,0.3846153846153846,0.5454545454545454,0.2051282051282051,0.3846153846153846,0.5384615384615384,0.3061224489795918,0.5,0.1632653061224489,0.3061224489795918,0.4285714285714285
https://www.linkedin.com/posts/amazon_highlights-from-our-belgian-economic-mission-activity-7390070736515784704-xlsY,amazon,2025-10-31 18:02:44,Harmless,0.0,0.0,0.0,0.0,0.0,0.0,0.0,0.0,0.0,0.0,0.0
https://www.linkedin.com/posts/amazon_missed-the-biggest-amazon-headlines-this-activity-7372321045246255104-tMTq,amazon,2025-09-12 19:31:48,Harmful,43.0,0.3720930232558139,0.0769230769230769,0.2558139534883721,0.3953488372093023,0.5813953488372093,0.32,0.0666666666666666,0.22,0.34,0.5
https://www.linkedin.com/posts/amazon_special-delivery-for-our-spookiest-customer-activity-7388696059390304256-7BWu,amazon,2025-10-27 23:00:15,Harmful,31.0,0.4838709677419355,0.7857142857142857,0.1935483870967742,0.4838709677419355,0.4838709677419355,0.3947368421052631,0.6875,0.1578947368421052,0.3947368421052631,0.3947368421052631
https://www.linkedin.com/posts/amazon_breaking-jetblue-becomes-first-airline-activity-7369350293899198465-etwL,amazon,2025-09-04 14:47:05,Harmful,38.0,0.131578947368421,0.3333333333333333,0.1052631578947368,0.131578947368421,0.8157894736842105,0.1,0.2727272727272727,0.08,0.1,0.62
https://www.linkedin.com/posts/amazon_ever-wonder-how-to-spot-ai-from-delivering-activity-7387155955613929473-9qpf,amazon,2025-10-23 18:00:26,Harmful,36.0,0.3611111111111111,0.2307692307692307,0.0555555555555555,0.3611111111111111,0.5833333333333334,0.2653061224489796,0.1578947368421052,0.0408163265306122,0.2653061224489796,0.4285714285714285
https://www.linkedin.com/posts/amazon_in-the-latest-amazon-news-newsletter-activity-7366931521225617409-5MYm,amazon,2025-08-28 22:35:45,Harmful,38.0,0.3157894736842105,0.5384615384615384,0.0263157894736842,0.3157894736842105,0.6578947368421053,0.2448979591836734,0.4666666666666667,0.0204081632653061,0.2448979591836734,0.5102040816326531
https://www.linkedin.com/posts/amazon_amazon-supports-creative-industries-worldwide-activity-7386098023996751872-ZinT,amazon,2025-10-20 19:56:35,Helpful,11.0,0.1818181818181818,0.0,0.0,0.1818181818181818,0.8181818181818182,0.125,0.0,0.0,0.125,0.5625
https://www.linkedin.com/posts/amazon_diwali-is-more-than-just-a-celebrationit-activity-7384799347303120897-0wnl,amazon,2025-10-17 05:56:07,Harmful,44.0,0.3863636363636363,0.4444444444444444,0.0,0.3409090909090909,0.5681818181818182,0.34,0.3636363636363636,0.0,0.3,0.5
https://www.linkedin.com/posts/amazon_ring-founder-jamie-siminoff-shares-the-latest-activity-7384626755858305024-E0wK,amazon,2025-10-16 18:30:18,Harmful,33.0,0.3636363636363636,0.3076923076923077,0.2727272727272727,0.3333333333333333,0.6060606060606061,0.3076923076923077,0.2666666666666666,0.2307692307692307,0.282051282051282,0.5128205128205128
https://www.linkedin.com/posts/amazon_reel-horizontalmp4-activity-7384492276229787648-9xzj,amazon,2025-10-16 09:35:55,Helpful,1.0,0.0,0.0,0.0,0.0,1.0,0.0,0.0,0.0,0.0,1.0
https://www.linkedin.com/posts/amazon_this-is-how-we-roll-at-amazons-tokyo-office-activity-7383894419005108227-e72T,amazon,2025-10-14 18:00:15,Helpful,30.0,0.1666666666666666,0.2,0.1333333333333333,0.1666666666666666,0.8,0.1,0.1111111111111111,0.08,0.1,0.48
https://www.linkedin.com/posts/zapolsky_amazon-shares-vision-for-responsible-ai-and-activity-7375910864673099776-xF91,amazon,2025-09-22 22:26:06,Harmful,21.0,0.3333333333333333,0.125,0.2857142857142857,0.3333333333333333,0.6666666666666666,0.2592592592592592,0.1,0.2222222222222222,0.2592592592592592,0.5185185185185185
https://www.linkedin.com/posts/drew-herdener-3620b51_if-youve-known-me-for-some-time-you-know-ugcPost-7395244726028828673-gLuz,amazon,2025-11-15 01:00:55,Harmless,26.0,0.1923076923076923,0.25,0.1538461538461538,0.1923076923076923,0.8076923076923077,0.1612903225806451,0.1428571428571428,0.1290322580645161,0.1612903225806451,0.6774193548387096
https://www.linkedin.com/posts/amazon_oh-what-fun-prime-video-amazon-activity-7362219228365541377-tI8J,amazon,2025-08-15 22:30:47,Harmless,0.0,0.0,0.0,0.0,0.0,0.0,0.0,0.0,0.0,0.0,0.0
https://www.linkedin.com/posts/amazon_in-this-issue-of-amazon-news-same-day-activity-7362163088244043776-LVSl,amazon,2025-08-15 18:47:42,Harmless,0.0,0.0,0.0,0.0,0.0,0.0,0.0,0.0,0.0,0.0,0.0
https://www.linkedin.com/posts/amazon_the-moment-we-were-waiting-for-every-activity-7382101417861431297-VerO,amazon,2025-10-09 19:15:30,Harmless,0.0,0.0,0.0,0.0,0.0,0.0,0.0,0.0,0.0,0.0,0.0
https://www.linkedin.com/posts/amazon_meet-some-mvps-from-amazons-robotics-headquarters-activity-7381720100036362240-4ZXN,amazon,2025-10-08 18:00:17,Harmless,0.0,0.0,0.0,0.0,0.0,0.0,0.0,0.0,0.0,0.0,0.0
https://www.linkedin.com/posts/andy-jassy-8b1615_amazon-sellers-are-building-innovative-products-activity-7374107818733309952-NYEe,amazon,2025-09-17 17:59:54,Harmless,0.0,0.0,0.0,0.0,0.0,0.0,0.0,0.0,0.0,0.0,0.0
https://www.linkedin.com/posts/amazon_ever-wonder-what-an-amazon-leader-carries-activity-7381422022821597203-SfcY,amazon,2025-10-07 22:15:50,Harmless,0.0,0.0,0.0,0.0,0.0,0.0,0.0,0.0,0.0,0.0,0.0
https://www.linkedin.com/posts/amazon_that-feline-when-they-want-you-to-think-outside-activity-7359237072206901249-3oSP,amazon,2025-08-07 17:00:46,Harmless,0.0,0.0,0.0,0.0,0.0,0.0,0.0,0.0,0.0,0.0,0.0
https://www.linkedin.com/posts/amazon_what-does-amazon-founder-executive-chair-activity-7379990105576411138-WYwS,amazon,2025-10-03 23:25:54,Harmless,0.0,0.0,0.0,0.0,0.0,0.0,0.0,0.0,0.0,0.0,0.0
https://www.linkedin.com/posts/amazon_breaking-news-openais-open-weight-models-activity-7358547933392244737-Iuv1,amazon,2025-08-05 19:22:22,Harmless,0.0,0.0,0.0,0.0,0.0,0.0,0.0,0.0,0.0,0.0,0.0
https://www.linkedin.com/posts/amazon_every-big-moment-has-a-story-behind-it-heres-activity-7379623734288175104-xcXY,amazon,2025-10-02 23:10:05,Harmless,0.0,0.0,0.0,0.0,0.0,0.0,0.0,0.0,0.0,0.0,0.0
https://www.linkedin.com/posts/amazon_a-new-generation-of-amazon-devices-unlocked-activity-7378892050349551616-oTFu,amazon,2025-09-30 22:42:37,Harmless,0.0,0.0,0.0,0.0,0.0,0.0,0.0,0.0,0.0,0.0,0.0
https://www.linkedin.com/posts/amazon_inside-this-edition-of-the-amazon-news-newsletter-activity-7357080729140256768-ZeJ5,amazon,2025-08-01 18:12:13,Harmless,0.0,0.0,0.0,0.0,0.0,0.0,0.0,0.0,0.0,0.0,0.0
https://www.linkedin.com/posts/drmichaelgervais_psychology-marketing-mindset-ugcPost-7391884457944891392-zrWb,amazon,2025-11-07 09:10:42,Harmless,0.0,0.0,0.0,0.0,0.0,0.0,0.0,0.0,0.0,0.0,0.0
https://www.linkedin.com/posts/amazon_what-does-it-take-to-launch-a-satellite-internet-activity-7354614881779634178-D6-T,amazon,2025-07-25 22:53:49,Harmless,0.0,0.0,0.0,0.0,0.0,0.0,0.0,0.0,0.0,0.0,0.0
https://www.linkedin.com/posts/amazon_amazon-sengage-pour-la-croix-rouge-activity-7376495411525636096-MEw6,amazon,2025-09-24 07:59:14,Harmless,0.0,0.0,0.0,0.0,0.0,0.0,0.0,0.0,0.0,0.0,0.0
https://www.linkedin.com/posts/zapolsky_amazon-joined-the-white-house-at-an-event-activity-7369590852551131136-fdbu,amazon,2025-09-05 14:58:39,Harmless,0.0,0.0,0.0,0.0,0.0,0.0,0.0,0.0,0.0,0.0,0.0
https://www.linkedin.com/posts/amazon_its-that-time-of-year-puffer-jacket-season-activity-7376322012711092224-m9m-,amazon,2025-09-23 20:30:13,Harmless,0.0,0.0,0.0,0.0,0.0,0.0,0.0,0.0,0.0,0.0,0.0
https://www.linkedin.com/posts/amazon_in-this-edition-of-amazon-news-see-activity-7352007955963125761-Z7FV,amazon,2025-07-18 18:14:50,Harmless,0.0,0.0,0.0,0.0,0.0,0.0,0.0,0.0,0.0,0.0,0.0
https://www.linkedin.com/posts/amazon_congratulations-to-prime-video-amazon-mgm-activity-7351001109521461253-2H2A,amazon,2025-07-15 23:33:59,Harmless,0.0,0.0,0.0,0.0,0.0,0.0,0.0,0.0,0.0,0.0,0.0
https://www.linkedin.com/posts/amazon_spotted-at-amazon-madrid-just-another-day-activity-7374140436619259904-kQzV,amazon,2025-09-17 20:01:24,Harmless,0.0,0.0,0.0,0.0,0.0,0.0,0.0,0.0,0.0,0.0,0.0
https://www.linkedin.com/posts/amazon_amazon-and-play4peace-team-up-to-empower-activity-7350892476288618496-Cncd,amazon,2025-07-15 16:22:19,Harmless,0.0,0.0,0.0,0.0,0.0,0.0,0.0,0.0,0.0,0.0,0.0
https://www.linkedin.com/posts/amazon_our-summer-interns-have-arrived-bringing-activity-7350569853709148162-Sh3Y,amazon,2025-07-14 19:00:20,Harmless,0.0,0.0,0.0,0.0,0.0,0.0,0.0,0.0,0.0,0.0,0.0
https://www.linkedin.com/posts/amazon_the-future-of-transportation-has-arrived-activity-7373830589239668736-CpWA,amazon,2025-09-16 23:30:11,Harmless,0.0,0.0,0.0,0.0,0.0,0.0,0.0,0.0,0.0,0.0,0.0
https://www.linkedin.com/posts/amazon_amazon-volunteering-activity-7373711532754604032-P-mz,amazon,2025-09-16 15:37:06,Harmless,0.0,0.0,0.0,0.0,0.0,0.0,0.0,0.0,0.0,0.0,0.0
https://www.linkedin.com/posts/amazon_mark-your-calendars-prime-members-prime-activity-7373582722168057856-z6Cb,amazon,2025-09-16 07:05:15,Harmless,0.0,0.0,0.0,0.0,0.0,0.0,0.0,0.0,0.0,0.0,0.0
https://www.linkedin.com/posts/andy-jassy-8b1615_excited-to-welcome-peacock-to-prime-video-activity-7366963508602732544-CNzP,amazon,2025-08-29 00:54:32,Harmless,0.0,0.0,0.0,0.0,0.0,0.0,0.0,0.0,0.0,0.0,0.0
https://www.linkedin.com/posts/amazon_prime-day-is-here-amazons-biggest-activity-7348352118149312512-MpYp,amazon,2025-07-08 16:07:50,Harmless,0.0,0.0,0.0,0.0,0.0,0.0,0.0,0.0,0.0,0.0,0.0
https://www.linkedin.com/posts/mattgarman_project-rainier-is-now-onlinethe-worlds-ugcPost-7389330009108381696-pLjf,amazon,2025-10-30 19:21:00,Harmless,0.0,0.0,0.0,0.0,0.0,0.0,0.0,0.0,0.0,0.0,0.0
https://www.linkedin.com/posts/amazon_at-amazon-weve-always-done-email-differently-activity-7370833361050750976-TuYV,amazon,2025-09-08 17:00:16,Harmless,0.0,0.0,0.0,0.0,0.0,0.0,0.0,0.0,0.0,0.0,0.0
https://www.linkedin.com/posts/amazon_in-this-edition-of-amazon-news-meet-activity-7346542082229997568-x8jo,amazon,2025-07-03 16:15:24,Harmless,0.0,0.0,0.0,0.0,0.0,0.0,0.0,0.0,0.0,0.0,0.0
https://www.linkedin.com/posts/amazon_amazon-global-month-of-volunteering-activity-7345498586509426688-7HZE,amazon,2025-06-30 19:08:55,Harmless,0.0,0.0,0.0,0.0,0.0,0.0,0.0,0.0,0.0,0.0,0.0
https://www.linkedin.com/posts/amazon_take-a-tour-through-amazon-web-services-activity-7369154913680949249-erE0,amazon,2025-09-04 01:50:43,Harmless,0.0,0.0,0.0,0.0,0.0,0.0,0.0,0.0,0.0,0.0,0.0
https://www.linkedin.com/posts/amazon_amazon-web-services-aws-restart-is-activity-7344429126650384385-yKeu,amazon,2025-06-27 20:19:16,Harmless,0.0,0.0,0.0,0.0,0.0,0.0,0.0,0.0,0.0,0.0,0.0
https://www.linkedin.com/posts/amazon_we-hope-we-dont-regret-this-we-let-our-activity-7369021446599163906-3SCY,amazon,2025-09-03 17:00:22,Harmless,0.0,0.0,0.0,0.0,0.0,0.0,0.0,0.0,0.0,0.0,0.0
https://www.linkedin.com/posts/amazon_i-wish-i-could-just-point-and-shop-well-activity-7368719446019878912-bN_c,amazon,2025-09-02 21:00:20,Harmless,0.0,0.0,0.0,0.0,0.0,0.0,0.0,0.0,0.0,0.0,0.0
https://www.linkedin.com/posts/amazon_step-inside-amazons-largest-corporate-activity-7367268276537581568-uj1W,amazon,2025-08-29 20:53:54,Harmless,0.0,0.0,0.0,0.0,0.0,0.0,0.0,0.0,0.0,0.0,0.0
https://www.linkedin.com/posts/amazon_save-this-for-when-you-need-a-boost-activity-7341891579936165889-XrsZ,amazon,2025-06-20 20:15:58,Harmless,0.0,0.0,0.0,0.0,0.0,0.0,0.0,0.0,0.0,0.0,0.0
https://www.linkedin.com/posts/amazon_the-latest-amazon-news-newsletter-just-activity-7341870723029733378-GxJy,amazon,2025-06-20 18:53:05,Harmless,0.0,0.0,0.0,0.0,0.0,0.0,0.0,0.0,0.0,0.0,0.0
https://www.linkedin.com/posts/amazon_today-in-virtually-every-corner-of-the-activity-7340849739640250368-0ZFs,amazon,2025-06-17 23:16:04,Harmless,0.0,0.0,0.0,0.0,0.0,0.0,0.0,0.0,0.0,0.0,0.0
https://www.linkedin.com/posts/amazon_at-amazon-working-hard-having-fun-and-activity-7365761383788969986-i0Jp,amazon,2025-08-25 17:06:03,Harmless,0.0,0.0,0.0,0.0,0.0,0.0,0.0,0.0,0.0,0.0,0.0
https://www.linkedin.com/posts/amazon_lets-unpack-why-were-touching-base-about-activity-7364680373714235392-PEFo,amazon,2025-08-22 17:30:30,Harmless,0.0,0.0,0.0,0.0,0.0,0.0,0.0,0.0,0.0,0.0,0.0
https://www.linkedin.com/posts/zapolsky_im-delighted-to-announce-amazons-inaugural-ugcPost-7386460705849483264-yeBz,amazon,2025-10-21 21:30:34,Harmless,0.0,0.0,0.0,0.0,0.0,0.0,0.0,0.0,0.0,0.0,0.0
https://www.linkedin.com/posts/amazon_new-amazon-news-just-dropped-heres-what-activity-7336787644481228800-6nqL,amazon,2025-06-06 18:14:45,Harmless,0.0,0.0,0.0,0.0,0.0,0.0,0.0,0.0,0.0,0.0,0.0
https://www.linkedin.com/posts/amazon_amazon-books-editors-just-released-their-activity-7336429804352622593-MWbB,amazon,2025-06-05 18:32:49,Harmless,0.0,0.0,0.0,0.0,0.0,0.0,0.0,0.0,0.0,0.0,0.0
https://www.linkedin.com/posts/amazon_big-news-from-amazon-were-investing-activity-7336180426882895872-MwKr,amazon,2025-06-05 02:01:53,Harmless,0.0,0.0,0.0,0.0,0.0,0.0,0.0,0.0,0.0,0.0,0.0
https://www.linkedin.com/posts/amazon_amazons-economic-impact-activity-7335954285412630528-7Q3N,amazon,2025-06-04 11:03:17,Harmless,0.0,0.0,0.0,0.0,0.0,0.0,0.0,0.0,0.0,0.0,0.0
https://www.linkedin.com/posts/amazon_follow-a-day-in-yashvit-dananis-life-as-activity-7361819434841198592-FkJv,amazon,2025-08-14 20:02:09,Harmless,0.0,0.0,0.0,0.0,0.0,0.0,0.0,0.0,0.0,0.0,0.0
https://www.linkedin.com/posts/amazon_breaking-news-perishable-groceries-are-now-activity-7361399946601779200-VQz1,amazon,2025-08-13 16:15:15,Harmless,0.0,0.0,0.0,0.0,0.0,0.0,0.0,0.0,0.0,0.0,0.0
https://www.linkedin.com/posts/mike-hopkins-543a214_amazon-mgm-studios-announces-steven-knight-activity-7356838866995060736-vOIL,amazon,2025-08-01 08:27:36,Harmless,0.0,0.0,0.0,0.0,0.0,0.0,0.0,0.0,0.0,0.0,0.0
https://www.linkedin.com/posts/amazon_i-think-the-way-people-buy-groceries-activity-7333524056614281217-e5Af,amazon,2025-05-28 18:06:25,Harmless,0.0,0.0,0.0,0.0,0.0,0.0,0.0,0.0,0.0,0.0,0.0
https://www.linkedin.com/posts/zapolsky_presidential-artificial-intelligence-challenge-activity-7356755400420962304-oDrb,amazon,2025-07-31 21:32:01,Harmless,0.0,0.0,0.0,0.0,0.0,0.0,0.0,0.0,0.0,0.0,0.0
https://www.linkedin.com/posts/coinbase_a-new-era-of-coinbase-starts-now-exciting-activity-7407173922024079361-KCUk,coinbase,2025-12-17 22:44:41,Helpful,2.0,0.0,0.0,0.0,0.0,1.0,0.0,0.0,0.0,0.0,0.4
https://www.linkedin.com/posts/coinbase_everything-we-announced-at-the-coinbase-system-activity-7407245730391805952-rL7z,coinbase,2025-12-18 03:30:02,Harmless,2.0,0.0,0.0,0.0,0.0,1.0,0.0,0.0,0.0,0.0,0.2857142857142857
https://www.linkedin.com/posts/coinbase_meet-coinbase-advisor-a-new-ai-powered-activity-7407240172892758017-ZF9R,coinbase,2025-12-18 03:07:57,Helpful,3.0,0.0,0.0,0.0,0.0,1.0,0.0,0.0,0.0,0.0,1.0
https://www.linkedin.com/posts/coinbase_introducing-coinbase-tokenize-an-end-to-end-activity-7407226852798259200-OT-M,coinbase,2025-12-18 02:15:01,Harmless,3.0,0.3333333333333333,0.0,0.0,0.0,0.6666666666666666,0.2,0.0,0.0,0.0,0.4
https://www.linkedin.com/posts/coinbase_base-app-is-now-live-for-everyone-everywhere-activity-7407219304057815041-4gkI,coinbase,2025-12-18 01:45:01,Harmless,0.0,0.0,0.0,0.0,0.0,0.0,0.0,0.0,0.0,0.0,0.0
https://www.linkedin.com/posts/coinbase_running-a-business-is-hard-card-fees-eat-activity-7407211761411723264-xTQd,coinbase,2025-12-18 01:15:03,Helpful,1.0,0.0,0.0,0.0,0.0,1.0,0.0,0.0,0.0,0.0,1.0
https://www.linkedin.com/posts/coinbase_were-reimagining-financial-services-to-be-activity-7407204206970978304-_938,coinbase,2025-12-18 00:45:02,Harmless,0.0,0.0,0.0,0.0,0.0,0.0,0.0,0.0,0.0,0.0,0.0
https://www.linkedin.com/posts/coinbase_youve-got-hot-takes-now-youll-have-a-activity-7407196652782112769-vK4l,coinbase,2025-12-18 00:15:01,Helpful,3.0,0.0,0.0,0.0,0.0,1.0,0.0,0.0,0.0,0.0,0.75
https://www.linkedin.com/posts/coinbase_stock-trading-rolling-out-on-coinbase-in-activity-7407189099259928576-5gyb,coinbase,2025-12-17 23:45:00,Helpful,6.0,0.0,0.0,0.0,0.0,1.0,0.0,0.0,0.0,0.0,0.6
https://www.linkedin.com/posts/coinbase_87-of-americans-believe-the-financial-system-activity-7407180806789537794-uEyx,coinbase,2025-12-17 23:12:03,Harmful,2.0,0.5,1.0,0.0,0.5,0.5,0.3333333333333333,1.0,0.0,0.3333333333333333,0.3333333333333333
https://www.linkedin.com/posts/coinbase_a-new-era-of-coinbase-begins-tune-in-to-activity-7407134782054354944-ZMfa,coinbase,2025-12-17 20:09:09,Harmless,0.0,0.0,0.0,0.0,0.0,0.0,0.0,0.0,0.0,0.0,0.0
https://www.linkedin.com/posts/coinbase_weve-selected-chainlink-labs-ccip-as-the-activity-7404899382027853824-scnf,coinbase,2025-12-11 16:06:29,Harmful,16.0,0.1875,0.25,0.0,0.125,0.8125,0.15,0.2222222222222222,0.0,0.1,0.65
https://www.linkedin.com/posts/coinbase_state-of-crypto-q4-2025-activity-7406715271526383616-qUZf,coinbase,2025-12-16 16:22:10,Harmful,7.0,0.2857142857142857,0.0,0.1428571428571428,0.2857142857142857,0.5714285714285714,0.25,0.0,0.125,0.25,0.5
https://www.linkedin.com/posts/coinbase_san-francisco-weve-arrived-dont-miss-activity-7404668562545463296-4Bm8,coinbase,2025-12-11 00:49:17,Helpful,8.0,0.125,0.0,0.0,0.125,0.875,0.1111111111111111,0.0,0.0,0.1111111111111111,0.7777777777777778
https://www.linkedin.com/posts/coinbase_coinbase-institutional-is-proud-to-support-activity-7404147569125347328-YvsI,coinbase,2025-12-09 14:19:02,Helpful,26.0,0.0769230769230769,0.0,0.0384615384615384,0.0769230769230769,0.9230769230769232,0.0666666666666666,0.0,0.0333333333333333,0.0666666666666666,0.8
https://www.linkedin.com/posts/coinbase_its-time-to-bring-staking-rewards-to-maryland-activity-7403899575951966208--nzS,coinbase,2025-12-08 21:53:36,Harmful,7.0,0.2857142857142857,0.0,0.0,0.2857142857142857,0.7142857142857143,0.2857142857142857,0.0,0.0,0.2857142857142857,0.7142857142857143
https://www.linkedin.com/posts/lbrock_inside-coinbases-mission-first-remote-first-activity-7404274169065938944-qQl0,coinbase,2025-12-09 22:51:38,Helpful,13.0,0.0769230769230769,0.0,0.0,0.0769230769230769,0.8461538461538461,0.0769230769230769,0.0,0.0,0.0769230769230769,0.8461538461538461
https://www.linkedin.com/posts/coinbase_its-time-to-trade-anything-anytime-anywhere-activity-7405701836785221632-N2xr,coinbase,2025-12-13 21:15:09,Harmful,5.0,0.4,0.0,0.2,0.4,0.6,0.3333333333333333,0.0,0.1666666666666666,0.3333333333333333,0.5
https://www.linkedin.com/posts/coinbase_staking-etfs-are-here-in-the-us-investors-activity-7405034459252695040-TrZH,coinbase,2025-12-12 01:03:13,Helpful,6.0,0.1666666666666666,0.0,0.0,0.1666666666666666,0.8333333333333334,0.1428571428571428,0.0,0.0,0.1428571428571428,0.7142857142857143
https://www.linkedin.com/posts/wes-griffith-99644425_proud-moment-for-coinbase-and-our-customers-activity-7401651442505486337-x5KY,coinbase,2025-12-02 20:23:30,Harmful,11.0,0.2727272727272727,0.25,0.0,0.2727272727272727,0.7272727272727273,0.2727272727272727,0.25,0.0,0.2727272727272727,0.7272727272727273
https://www.linkedin.com/posts/coinbase_wonder-whats-inside-activity-7401409772257714176-PKbi,coinbase,2025-12-02 01:00:01,Harmful,13.0,0.4615384615384615,0.2,0.1538461538461538,0.4615384615384615,0.3846153846153846,0.2608695652173913,0.125,0.0869565217391304,0.2608695652173913,0.217391304347826
https://www.linkedin.com/posts/coinbase_instant-unstaking-is-rolling-out-now-in-the-activity-7401368127248318464-243B,coinbase,2025-12-01 22:14:32,Harmful,8.0,0.25,0.5,0.125,0.25,0.625,0.1666666666666666,0.2,0.0833333333333333,0.1666666666666666,0.4166666666666667
https://www.linkedin.com/posts/coinbase_a-new-era-of-coinbase-begins-tune-in-to-activity-7396633051017035776-W_Wt,coinbase,2025-11-18 20:39:02,Harmful,6.0,0.5,0.6666666666666666,0.5,0.5,0.5,0.3,0.4,0.3,0.3,0.3
https://www.linkedin.com/posts/coinbase_a-new-era-of-coinbase-is-beginning-december-activity-7402021011954536448-HgOy,coinbase,2025-12-03 17:28:52,Helpful,10.0,0.1,0.2,0.1,0.1,0.9,0.0833333333333333,0.1428571428571428,0.0833333333333333,0.0833333333333333,0.75
https://www.linkedin.com/posts/coinbase_mark-your-calendars-were-going-live-next-activity-7396564230071746560-J_w_,coinbase,2025-11-18 16:05:33,Helpful,14.0,0.1428571428571428,0.0,0.0714285714285714,0.1428571428571428,0.8571428571428571,0.1333333333333333,0.0,0.0666666666666666,0.1333333333333333,0.8
https://www.linkedin.com/posts/coinbase_were-doubling-down-on-solana-coinbase-activity-7397621929089585152-bzY5,coinbase,2025-11-21 14:08:29,Helpful,29.0,0.1724137931034483,0.1666666666666666,0.1034482758620689,0.1379310344827586,0.8275862068965517,0.1470588235294117,0.1428571428571428,0.088235294117647,0.1176470588235294,0.7058823529411765
https://www.linkedin.com/posts/coinbase_eth-backed-loans-are-here-you-can-borrow-activity-7397372147762925570-4a8A,coinbase,2025-11-20 21:35:56,Helpful,8.0,0.0,0.0,0.0,0.0,0.875,0.0,0.0,0.0,0.0,0.4375
https://www.linkedin.com/posts/coinbase_were-in-dc-handing-out-clari-tea-this-isn-activity-7386843361967644673-gP2p,coinbase,2025-10-22 21:18:18,Harmful,5.0,0.4,0.6666666666666666,0.0,0.4,0.4,0.2857142857142857,0.6666666666666666,0.0,0.2857142857142857,0.2857142857142857
https://www.linkedin.com/posts/coinbase_you-could-line-up-for-hours-to-buy-gold-activity-7384687479167016962-8BnF,coinbase,2025-10-16 22:31:35,Harmful,12.0,0.3333333333333333,0.6666666666666666,0.0833333333333333,0.3333333333333333,0.6666666666666666,0.3076923076923077,0.6666666666666666,0.0769230769230769,0.3076923076923077,0.6153846153846154
https://www.linkedin.com/posts/aneriamin_im-hiring-looking-for-another-all-star-activity-7388942232491495425-x2Yf,coinbase,2025-10-28 15:19:56,Helpful,32.0,0.125,0.0,0.0625,0.09375,0.84375,0.0727272727272727,0.0,0.0363636363636363,0.0545454545454545,0.4909090909090909
https://www.linkedin.com/posts/coinbase_work-from-anywhere-gather-when-it-counts-activity-7381746736035430400-mW_J,coinbase,2025-10-08 19:46:08,Harmless,51.0,0.1568627450980392,0.1764705882352941,0.0784313725490196,0.1372549019607843,0.8431372549019608,0.1403508771929824,0.15,0.0701754385964912,0.1228070175438596,0.7543859649122807
https://www.linkedin.com/posts/coinbase_we-heard-the-feedback-we-fixed-the-pain-activity-7393752883957026816-wxnf,coinbase,2025-11-10 21:54:16,Harmful,9.0,0.7777777777777778,1.0,0.7777777777777778,0.7777777777777778,0.2222222222222222,0.7,1.0,0.7,0.7,0.2
https://www.linkedin.com/posts/coinbase_token-launches-just-got-a-whole-lot-better-activity-7393652124615745536-jTPi,coinbase,2025-11-10 15:13:53,Helpful,17.0,0.0588235294117647,0.0,0.0,0.0588235294117647,0.9411764705882352,0.0476190476190476,0.0,0.0,0.0476190476190476,0.7619047619047619
https://www.linkedin.com/posts/coinbase_were-bringing-coinbase-onchain-some-activity-7392593354993119232-OO4Y,coinbase,2025-11-07 17:06:43,Harmful,13.0,0.3846153846153846,0.25,0.1538461538461538,0.3076923076923077,0.6153846153846154,0.2777777777777778,0.2,0.1111111111111111,0.2222222222222222,0.4444444444444444
https://www.linkedin.com/posts/coinbase_lets-build-proud-to-be-partnering-with-activity-7391474376652529666-dvH9,coinbase,2025-11-04 15:00:18,Harmful,8.0,0.375,1.0,0.125,0.375,0.625,0.3,1.0,0.1,0.3,0.5
https://www.linkedin.com/posts/coinbase_weve-been-building-stay-tuned-activity-7389807268495720448-h4_v,coinbase,2025-10-31 00:35:48,Harmful,10.0,0.4,0.5,0.2,0.4,0.6,0.3076923076923077,0.3333333333333333,0.1538461538461538,0.3076923076923077,0.4615384615384615
https://www.linkedin.com/posts/coinbase_the-internet-moves-fast-now-money-can-too-activity-7389339425111134208-F8cg,coinbase,2025-10-29 17:36:46,Harmful,23.0,0.2608695652173913,0.375,0.0,0.2608695652173913,0.7391304347826086,0.25,0.375,0.0,0.25,0.7083333333333334
https://www.linkedin.com/posts/coinbase_crypto-needs-clarity-america-voted-for-activity-7388613884644864000-w6Ah,coinbase,2025-10-27 17:33:43,Harmful,14.0,0.3571428571428571,0.4,0.0714285714285714,0.3571428571428571,0.6428571428571429,0.2631578947368421,0.4,0.0526315789473684,0.2631578947368421,0.4736842105263157
https://www.linkedin.com/posts/coinbase_cashback-categories-miles-mid-we-went-activity-7386781729564512256-SCeU,coinbase,2025-10-22 17:13:24,Helpful,15.0,0.2666666666666666,0.0,0.0,0.2666666666666666,0.6666666666666666,0.1428571428571428,0.0,0.0,0.1428571428571428,0.3571428571428571
https://www.linkedin.com/posts/coinbase_canadians-pay-billions-in-bank-fees-every-activity-7386466387067764736-gz8D,coinbase,2025-10-21 20:20:20,Harmful,8.0,0.625,0.75,0.25,0.625,0.375,0.4545454545454545,0.6,0.1818181818181818,0.4545454545454545,0.2727272727272727
https://www.linkedin.com/posts/coinbase_1-btc-a-year-is-a-six-figure-salary-activity-7366833254471016449-0nBG,coinbase,2025-08-28 16:05:17,Harmful,24.0,0.25,0.2857142857142857,0.0833333333333333,0.2083333333333333,0.6666666666666666,0.1875,0.2,0.0625,0.15625,0.5
https://www.linkedin.com/posts/coinbase_calling-all-interns-were-now-accepting-activity-7385012753075314688-jF3x,coinbase,2025-10-17 20:04:07,Harmless,25.0,0.24,0.25,0.04,0.2,0.72,0.1875,0.1818181818181818,0.03125,0.15625,0.5625
https://www.linkedin.com/posts/emiliechoi_weve-gone-from-reading-the-internet-to-ugcPost-7394946320345649152-QDGy,coinbase,2025-11-14 19:27:04,Helpful,6.0,0.0,0.0,0.0,0.0,1.0,0.0,0.0,0.0,0.0,1.0
https://www.linkedin.com/posts/coinbase_making-big-things-on-big-buildings-in-nyc-activity-7382429809055789056-oTac,coinbase,2025-10-10 17:00:25,Harmful,4.0,0.75,1.0,0.25,0.75,0.25,0.4285714285714285,0.4,0.1428571428571428,0.4285714285714285,0.1428571428571428
https://www.linkedin.com/posts/coinbase_valorantchampions-activity-7382149248408133634-2meN,coinbase,2025-10-09 22:25:34,Helpful,9.0,0.0,0.0,0.0,0.0,1.0,0.0,0.0,0.0,0.0,1.0
https://www.linkedin.com/posts/coinbase_soccer-runs-on-passion-crypto-runs-on-conviction-activity-7381658929350737920-XEyp,coinbase,2025-10-08 13:57:13,Helpful,16.0,0.0625,0.0,0.0,0.0625,0.8125,0.0588235294117647,0.0,0.0,0.0588235294117647,0.7647058823529411
https://www.linkedin.com/posts/coinbase_most-canadians-visit-their-bank-branch-15-activity-7381357964206694400-k7De,coinbase,2025-10-07 18:01:17,Helpful,7.0,0.0,0.0,0.0,0.0,0.8571428571428571,0.0,0.0,0.0,0.0,0.5454545454545454
https://www.linkedin.com/posts/coinbase_build-cool-things-faster-weve-open-sourced-activity-7379939743318450176-wCfL,coinbase,2025-10-03 20:05:47,Helpful,15.0,0.1333333333333333,0.0,0.0,0.1333333333333333,0.8666666666666667,0.1052631578947368,0.0,0.0,0.1052631578947368,0.6842105263157895
https://www.linkedin.com/posts/coinbase_lend-usdc-earn-up-to-10-now-live-in-all-activity-7379559589307981824-_pOE,coinbase,2025-10-02 18:55:11,Harmless,4.0,0.0,0.0,0.0,0.0,0.75,0.0,0.0,0.0,0.0,0.2727272727272727
https://www.linkedin.com/posts/coinbase_coinbase-is-remote-first-but-some-moments-activity-7379196210311540736-xZWN,coinbase,2025-10-01 18:51:15,Harmful,52.0,0.1346153846153846,0.25,0.0192307692307692,0.0961538461538461,0.8269230769230769,0.1147540983606557,0.2142857142857142,0.0163934426229508,0.081967213114754,0.7049180327868853
https://www.linkedin.com/posts/coinbase_the-big-banks-are-coming-for-another-bailout-activity-7378414616265248768-MmEA,coinbase,2025-09-29 15:05:28,Harmful,22.0,0.2727272727272727,0.3333333333333333,0.0454545454545454,0.2272727272727272,0.7272727272727273,0.2307692307692307,0.2857142857142857,0.0384615384615384,0.1923076923076923,0.6153846153846154
https://www.linkedin.com/posts/coinbase_1-in-5-americans-eat-chocolate-daily-the-activity-7350538345418002434-_fv9,coinbase,2025-07-14 16:55:07,Harmful,29.0,0.5862068965517241,0.4,0.0,0.5517241379310345,0.3793103448275862,0.5,0.3333333333333333,0.0,0.4705882352941176,0.3235294117647059
https://www.linkedin.com/posts/coinbasedeveloperplatform_we-were-thrilled-to-spend-the-week-at-money20-ugcPost-7389716091742306304-QmHj,coinbase,2025-10-30 18:45:25,Harmful,4.0,0.5,0.0,0.25,0.25,0.5,0.4,0.0,0.2,0.2,0.4
https://www.linkedin.com/posts/coinbase_release-department-of-commerce-posts-2nd-activity-7366881580750962689-x7ux,coinbase,2025-08-28 19:17:18,Harmless,16.0,0.25,0.0,0.0625,0.25,0.6875,0.1538461538461538,0.0,0.0384615384615384,0.1538461538461538,0.4230769230769231
https://www.linkedin.com/posts/coinbase_tech-stocks-crypto-in-the-same-derivatives-activity-7368741348998348801-CeVW,coinbase,2025-09-02 22:27:22,Helpful,9.0,0.0,0.0,0.0,0.0,1.0,0.0,0.0,0.0,0.0,0.8181818181818182
https://www.linkedin.com/posts/coinbase_crypterns-activity-7337900613537615876-L0Xh,coinbase,2025-06-09 19:57:17,Helpful,18.0,0.1111111111111111,0.0,0.0,0.1111111111111111,0.8888888888888888,0.1,0.0,0.0,0.1,0.8
https://www.linkedin.com/posts/coinbase_coinbase-one-cards-have-started-shipping-activity-7363702983101935616-nGhu,coinbase,2025-08-20 00:46:42,Harmful,19.0,0.2105263157894736,0.4,0.0526315789473684,0.1578947368421052,0.7368421052631579,0.1142857142857142,0.2222222222222222,0.0285714285714285,0.0857142857142857,0.4
https://www.linkedin.com/posts/coinbase_your-portfolio-if-you-bought-10-of-btc-every-activity-7361896557165580288-nO7G,coinbase,2025-08-15 01:08:36,Harmful,20.0,0.35,0.0,0.2,0.35,0.6,0.2916666666666667,0.0,0.1666666666666666,0.2916666666666667,0.5
https://www.linkedin.com/posts/coinbase-institutional_coinbase-crypto-forum-london-2025-ugcPost-7384975859251675136-NSxr,coinbase,2025-10-17 17:46:35,Harmful,7.0,0.8571428571428571,1.0,0.4285714285714285,0.8571428571428571,0.1428571428571428,0.75,1.0,0.375,0.75,0.125
https://www.linkedin.com/posts/coinbase_dex-trading-is-unlocking-access-to-all-assets-activity-7359616283459391488--Ci3,coinbase,2025-08-08 18:07:37,Helpful,21.0,0.0476190476190476,0.0,0.0,0.0476190476190476,0.9523809523809524,0.0454545454545454,0.0,0.0,0.0454545454545454,0.9090909090909092
https://www.linkedin.com/posts/coinbase_what-if-we-circled-back-on-the-terrace-c-activity-7391949169382330369-TDrQ,coinbase,2025-11-05 22:26:57,Helpful,2.0,0.0,0.0,0.0,0.0,1.0,0.0,0.0,0.0,0.0,0.6666666666666666
https://www.linkedin.com/posts/coinbase_happy-national-intern-day-this-summer-activity-7356730679826542593-z1xI,coinbase,2025-07-31 19:01:15,Helpful,31.0,0.1290322580645161,0.0,0.032258064516129,0.1290322580645161,0.8387096774193549,0.1212121212121212,0.0,0.0303030303030303,0.1212121212121212,0.7878787878787878
https://www.linkedin.com/posts/coinbase_as-the-saying-goes-first-they-ignore-you-activity-7327828558196682752-j_X9,coinbase,2025-05-13 00:54:32,Helpful,84.0,0.119047619047619,0.125,0.0714285714285714,0.119047619047619,0.8571428571428571,0.101010101010101,0.1111111111111111,0.0606060606060606,0.101010101010101,0.7272727272727273
https://www.linkedin.com/posts/coinbase_which-brands-are-winning-each-generation-activity-7395201785566556160-5hRf,coinbase,2025-11-14 21:51:41,Harmful,5.0,0.6,0.0,0.4,0.6,0.4,0.375,0.0,0.25,0.375,0.25
https://www.linkedin.com/posts/coinbase_today-the-best-of-crypto-has-been-unlocked-activity-7353460618009403393-WyQt,coinbase,2025-07-22 18:27:12,Helpful,12.0,0.0833333333333333,0.0,0.0833333333333333,0.0833333333333333,0.8333333333333334,0.0714285714285714,0.0,0.0714285714285714,0.0714285714285714,0.7142857142857143
https://www.linkedin.com/posts/coinbase_perpetual-futures-have-officially-arrived-activity-7353097534115827714-BBFD,coinbase,2025-07-21 18:24:26,Harmless,19.0,0.1052631578947368,0.1666666666666666,0.1052631578947368,0.1052631578947368,0.8947368421052632,0.1052631578947368,0.1666666666666666,0.1052631578947368,0.1052631578947368,0.8947368421052632
https://www.linkedin.com/posts/coinbase_introducing-a-powerful-suite-of-business-activity-7384612409665167360-woNk,coinbase,2025-10-16 17:33:17,Harmful,5.0,0.4,0.5,0.2,0.4,0.6,0.4,0.5,0.2,0.4,0.6
https://www.linkedin.com/posts/coinbase_we-asked-our-research-team-to-chart-the-most-activity-7351722616396607488-QcPh,coinbase,2025-07-17 23:21:00,Helpful,12.0,0.0,0.0,0.0,0.0,0.9166666666666666,0.0,0.0,0.0,0.0,0.7857142857142857
https://www.linkedin.com/posts/coinbase_come-build-the-never-been-built-were-looking-activity-7344379347446775810-DaVi,coinbase,2025-06-27 17:01:28,Harmful,26.0,0.4230769230769231,0.4,0.0769230769230769,0.3846153846153846,0.5769230769230769,0.3928571428571428,0.3333333333333333,0.0714285714285714,0.3571428571428571,0.5357142857142857
https://www.linkedin.com/posts/greg-tusar-a7b419_coming-july-21-us-perpetual-style-futures-activity-7344091596935557120-gTNY,coinbase,2025-06-26 22:51:33,Harmful,4.0,0.25,0.0,0.0,0.25,0.75,0.25,0.0,0.0,0.25,0.75
https://www.linkedin.com/posts/coinbase_stablecoins-are-going-mainstream-heres-activity-7343648857475432449-RrGP,coinbase,2025-06-25 16:38:46,Helpful,12.0,0.0833333333333333,0.0,0.0833333333333333,0.0833333333333333,0.8333333333333334,0.0526315789473684,0.0,0.0526315789473684,0.0526315789473684,0.5263157894736842
https://www.linkedin.com/posts/coinbase_our-q3-2025-financial-results-are-now-live-activity-7389755586751639552-1kJ1,coinbase,2025-10-30 21:10:26,Harmless,12.0,0.1666666666666666,0.0,0.0,0.1666666666666666,0.8333333333333334,0.1538461538461538,0.0,0.0,0.1538461538461538,0.7692307692307693
https://www.linkedin.com/posts/coinbase_coinbase-strengthens-commitment-to-innovation-activity-7379990812136202240-hYzj,coinbase,2025-10-03 23:28:43,Harmful,4.0,0.25,0.0,0.0,0.25,0.75,0.25,0.0,0.0,0.25,0.75
https://www.linkedin.com/posts/coinbase_livestreamed-for-the-very-first-time-this-activity-7341233778222055424-DElO,coinbase,2025-06-19 00:42:06,Harmful,34.0,0.8823529411764706,0.5,0.5294117647058824,0.8823529411764706,0.1176470588235294,0.8823529411764706,0.5,0.5294117647058824,0.8823529411764706,0.1176470588235294
https://www.linkedin.com/posts/coinbase_tldr-heres-everything-we-announced-yesterday-activity-7339382013025562626-Py3O,coinbase,2025-06-13 22:03:51,Helpful,14.0,0.1428571428571428,0.0,0.0,0.1428571428571428,0.8571428571428571,0.1176470588235294,0.0,0.0,0.1176470588235294,0.7058823529411765
https://www.linkedin.com/posts/lbrock_how-coinbase-is-embracing-ai-in-recruiting-activity-7340419939444375552-bUxM,coinbase,2025-06-16 19:28:29,Harmful,55.0,0.1636363636363636,0.2666666666666666,0.0181818181818181,0.1454545454545454,0.8181818181818182,0.1525423728813559,0.25,0.0169491525423728,0.135593220338983,0.7627118644067796
https://www.linkedin.com/posts/coinbase_introducing-the-coinbase-one-card-earn-up-activity-7339004298128728064-nA70,coinbase,2025-06-12 21:02:56,Helpful,44.0,0.0909090909090909,0.1538461538461538,0.0227272727272727,0.0681818181818181,0.8863636363636364,0.0754716981132075,0.1111111111111111,0.0188679245283018,0.0566037735849056,0.7358490566037735
https://www.linkedin.com/posts/coinbase_the-2025-state-of-crypto-summit-is-about-activity-7338913349331501056-id6X,coinbase,2025-06-12 15:01:32,Helpful,6.0,0.1666666666666666,0.0,0.0,0.1666666666666666,0.8333333333333334,0.1428571428571428,0.0,0.0,0.1428571428571428,0.7142857142857143
https://www.linkedin.com/posts/coinbase_if-you-want-to-build-the-future-it-starts-activity-7337863431040983041-u5jP,coinbase,2025-06-09 17:29:32,Harmful,6.0,0.5,0.0,0.3333333333333333,0.5,0.5,0.4285714285714285,0.0,0.2857142857142857,0.4285714285714285,0.4285714285714285
https://www.linkedin.com/posts/coinbase_qa-with-jo%C3%A3o-tonial-of-coinbase-activity-7346565013781798914-zSQl,coinbase,2025-07-03 17:46:31,Harmful,9.0,0.3333333333333333,0.0,0.1111111111111111,0.3333333333333333,0.4444444444444444,0.3333333333333333,0.0,0.1111111111111111,0.3333333333333333,0.4444444444444444
https://www.linkedin.com/posts/coinbase_coinbase-in-collaboration-with-penrose-partners-activity-7333840490905149441-GhhQ,coinbase,2025-05-29 15:03:49,Harmless,20.0,0.3,0.0,0.0,0.3,0.7,0.24,0.0,0.0,0.24,0.56
https://www.linkedin.com/posts/coinbase_the-future-of-money-is-here-but-it-must-activity-7328458113806737408-XJ0Q,coinbase,2025-05-14 18:36:10,Harmful,19.0,0.2631578947368421,0.25,0.1052631578947368,0.2631578947368421,0.7368421052631579,0.217391304347826,0.2,0.0869565217391304,0.217391304347826,0.6086956521739131
https://www.linkedin.com/posts/coinbase_21-million-thats-it-activity-7327731071477772289-PH_H,coinbase,2025-05-12 18:27:10,Harmful,19.0,0.4210526315789473,0.0,0.3157894736842105,0.4210526315789473,0.5263157894736842,0.3478260869565217,0.0,0.2608695652173913,0.3478260869565217,0.4347826086956521
https://www.linkedin.com/posts/coinbase_247-trading-for-futures-is-now-live-in-the-activity-7326640041517113346-MpMe,coinbase,2025-05-09 18:11:48,Harmless,6.0,0.3333333333333333,0.0,0.0,0.1666666666666666,0.6666666666666666,0.2,0.0,0.0,0.1,0.4
https://www.linkedin.com/posts/ny-liberty_the-new-york-liberty-are-excited-to-renew-activity-7330941044009627649-7To-,coinbase,2025-05-21 15:03:45,Harmless,12.0,0.25,0.0,0.0833333333333333,0.25,0.75,0.2307692307692307,0.0,0.0769230769230769,0.2307692307692307,0.6923076923076923
https://www.linkedin.com/posts/coinbase_the-future-of-money-cant-be-printed-activity-7325197566122278912-43jR,coinbase,2025-05-05 18:39:55,Harmful,22.0,0.4090909090909091,0.3333333333333333,0.2727272727272727,0.4090909090909091,0.5,0.28125,0.125,0.1875,0.28125,0.34375
https://www.linkedin.com/posts/coinbase_we-interrupt-your-linkedin-scrolling-to-bring-activity-7387217307758112769-rpa9,coinbase,2025-10-23 22:04:14,Harmful,15.0,0.5333333333333333,0.8333333333333334,0.1333333333333333,0.5333333333333333,0.4,0.4210526315789473,0.8333333333333334,0.1052631578947368,0.4210526315789473,0.3157894736842105
https://www.linkedin.com/posts/coinbase_ever-build-an-onchain-app-before-our-talent-activity-7387160060403015680-kX1T,coinbase,2025-10-23 18:16:45,Harmful,23.0,0.217391304347826,0.6666666666666666,0.1304347826086956,0.217391304347826,0.782608695652174,0.1923076923076923,0.5,0.1153846153846153,0.1923076923076923,0.6923076923076923
https://www.linkedin.com/posts/coinbase_the-world-economic-forums-annual-meeting-activity-7288626156646367232-jv5I,coinbase,2025-01-24 19:38:11,Harmful,21.0,0.6666666666666666,0.0,0.4285714285714285,0.6190476190476191,0.3333333333333333,0.56,0.0,0.36,0.52,0.28
https://www.linkedin.com/posts/coinbase_state-of-crypto-report-q4-2024-activity-7287570417836244993-rvHe,coinbase,2025-01-21 21:43:04,Harmful,8.0,0.75,1.0,0.625,0.75,0.125,0.75,1.0,0.625,0.75,0.125
https://www.linkedin.com/posts/golden-state-valkyries_coinbase-joins-the-golden-state-valkyries-activity-7327694090274308097-Zu6F,coinbase,2025-05-12 16:08:35,Harmless,11.0,0.1818181818181818,0.0,0.0,0.1818181818181818,0.8181818181818182,0.1666666666666666,0.0,0.0,0.1666666666666666,0.75
https://www.linkedin.com/posts/coinbase_the-coinbase-one-card-is-changing-what-it-activity-7386888160925884416-GYaP,coinbase,2025-10-23 00:16:19,Harmful,20.0,0.25,0.6666666666666666,0.05,0.25,0.75,0.217391304347826,0.5,0.0434782608695652,0.217391304347826,0.6521739130434783
https://www.linkedin.com/posts/coinbase_whats-at-stake-with-staking-millions-activity-7321549309781417986-u3C5,coinbase,2025-04-25 17:03:03,Helpful,6.0,0.1666666666666666,0.0,0.0,0.1666666666666666,0.8333333333333334,0.125,0.0,0.0,0.125,0.625
https://www.linkedin.com/posts/coinbase_the-future-of-money-is-here-and-its-easier-activity-7320480523766702080-ELoo,coinbase,2025-04-22 18:16:04,Harmless,15.0,0.2,0.0,0.0,0.2,0.8,0.1764705882352941,0.0,0.0,0.1764705882352941,0.7058823529411765
https://www.linkedin.com/posts/coinbase_system-updated-activity-7318317360359112705-84II,coinbase,2025-04-16 19:00:26,Helpful,18.0,0.0555555555555555,0.0,0.0,0.0555555555555555,0.9444444444444444,0.0454545454545454,0.0,0.0,0.0454545454545454,0.7727272727272727
https://www.linkedin.com/posts/coinbase_builders-building-the-system-updating-activity-7317586433408462849-scVH,coinbase,2025-04-14 18:35:59,Harmful,10.0,0.2,0.25,0.0,0.2,0.8,0.1666666666666666,0.2,0.0,0.1666666666666666,0.6666666666666666
https://www.linkedin.com/posts/coinbase_weve-acquired-echoxyz-the-leading-onchain-activity-7386343679348822016-4nt6,coinbase,2025-10-21 12:12:44,Helpful,37.0,0.1621621621621621,0.0,0.054054054054054,0.1621621621621621,0.8378378378378378,0.1428571428571428,0.0,0.0476190476190476,0.1428571428571428,0.7380952380952381
https://www.linkedin.com/posts/coinbase_is-crypto-now-the-most-bipartisan-issue-in-activity-7313211016572522496-8jEq,coinbase,2025-04-02 16:49:39,Helpful,6.0,0.1666666666666666,0.0,0.0,0.1666666666666666,0.8333333333333334,0.0909090909090909,0.0,0.0,0.0909090909090909,0.4545454545454545
https://www.linkedin.com/posts/coinbase_is-this-the-year-for-stablecoins-michael-activity-7312528944296046592-ssUu,coinbase,2025-03-31 19:39:20,Harmful,12.0,0.1666666666666666,0.3333333333333333,0.1666666666666666,0.1666666666666666,0.8333333333333334,0.1333333333333333,0.2,0.1333333333333333,0.1333333333333333,0.6666666666666666
https://www.linkedin.com/posts/coinbase_has-cryptos-adoption-curve-shifted-over-activity-7311047871644991491-cCw2,coinbase,2025-03-27 16:34:05,Harmful,6.0,0.1666666666666666,0.5,0.1666666666666666,0.1666666666666666,0.8333333333333334,0.1,0.3333333333333333,0.1,0.1,0.5
https://www.linkedin.com/posts/google_introducing-gemini-3-flash-our-latest-model-activity-7407090763861446657-DwJa,google,2025-12-17 17:14:15,Helpful,32.0,0.03125,0.0714285714285714,0.0,0.0,0.96875,0.0256410256410256,0.0555555555555555,0.0,0.0,0.7948717948717948
https://www.linkedin.com/posts/neal-mohan_films-biggest-night-is-headed-to-youtube-activity-7407139372904480768-VbZN,google,2025-12-17 23:55:56,Helpful,49.0,0.1428571428571428,0.1111111111111111,0.0204081632653061,0.1836734693877551,0.8163265306122449,0.1129032258064516,0.0833333333333333,0.0161290322580645,0.1451612903225806,0.6451612903225806
https://www.linkedin.com/posts/google_gemini-3-flash-is-now-rolling-out-in-the-activity-7407128806634942464-C8jJ,google,2025-12-17 19:45:25,Harmless,12.0,0.0833333333333333,0.5,0.0833333333333333,0.0833333333333333,0.9166666666666666,0.0476190476190476,0.1666666666666666,0.0476190476190476,0.0476190476190476,0.5238095238095238
https://www.linkedin.com/posts/google_google-waterloo-is-our-biggest-engineering-activity-7406716220038832128-iGFM,google,2025-12-16 16:25:56,Helpful,23.0,0.0434782608695652,0.0,0.0,0.0434782608695652,0.9130434782608696,0.0277777777777777,0.0,0.0,0.0277777777777777,0.5833333333333334
https://www.linkedin.com/posts/google_as-a-customer-solutions-consultant-on-the-activity-7406431802027986944-HQH3,google,2025-12-15 21:35:46,Helpful,38.0,0.0263157894736842,0.0,0.0,0.0263157894736842,0.9210526315789472,0.0175438596491228,0.0,0.0,0.0175438596491228,0.6140350877192983
https://www.linkedin.com/posts/google_if-building-technology-that-reaches-billions-activity-7405280531753504768-MxoE,google,2025-12-12 17:21:02,Helpful,50.0,0.04,0.0416666666666666,0.04,0.04,0.86,0.0277777777777777,0.032258064516129,0.0277777777777777,0.0277777777777777,0.5972222222222222
https://www.linkedin.com/posts/google_after-eight-years-in-frances-video-game-activity-7404894780503097345--QI6,google,2025-12-11 15:48:11,Helpful,48.0,0.0416666666666666,0.0,0.0,0.0416666666666666,0.9583333333333334,0.0333333333333333,0.0,0.0,0.0333333333333333,0.7666666666666667
https://www.linkedin.com/posts/roseyao_google-finance-isnt-just-for-wall-street-ugcPost-7406780164036124673-n4d7,google,2025-12-16 20:52:57,Helpful,10.0,0.0,0.0,0.0,0.0,0.9,0.0,0.0,0.0,0.0,0.8181818181818182
https://www.linkedin.com/posts/google_meet-david-an-austin-based-software-engineer-activity-7404534128848936960-kX7P,google,2025-12-10 15:55:05,Helpful,55.0,0.0727272727272727,0.0,0.0363636363636363,0.0727272727272727,0.9090909090909092,0.0493827160493827,0.0,0.0246913580246913,0.0493827160493827,0.6172839506172839
https://www.linkedin.com/posts/google_november-ushered-in-a-new-era-of-intelligence-activity-7403868403696041985-MXJR,google,2025-12-08 19:49:44,Helpful,77.0,0.1168831168831168,0.027027027027027,0.0389610389610389,0.0909090909090909,0.8311688311688312,0.09,0.0212765957446808,0.03,0.07,0.64
https://www.linkedin.com/posts/google_as-a-product-solutions-consultant-on-the-activity-7402828883743383553-uuVJ,google,2025-12-05 22:59:03,Helpful,63.0,0.0476190476190476,0.0384615384615384,0.0,0.0476190476190476,0.9047619047619048,0.0365853658536585,0.0294117647058823,0.0,0.0365853658536585,0.6951219512195121
https://www.linkedin.com/posts/google_parth-started-his-google-journey-in-austin-activity-7402011899174801408-tziG,google,2025-12-03 16:52:39,Helpful,83.0,0.0602409638554216,0.05,0.0120481927710843,0.0481927710843373,0.9036144578313252,0.05,0.0434782608695652,0.01,0.04,0.75
https://www.linkedin.com/posts/google_at-googles-nyc-office-sarah-works-at-the-activity-7401641188061106176-dQLM,google,2025-12-02 16:19:35,Helpful,43.0,0.0232558139534883,0.1,0.0,0.0232558139534883,0.9767441860465116,0.0178571428571428,0.0666666666666666,0.0,0.0178571428571428,0.75
https://www.linkedin.com/posts/google_meet-alexandra-irina-a-bucharest-based-software-activity-7401379285850066944-uM-q,google,2025-12-01 22:58:52,Helpful,79.0,0.0126582278481012,0.0,0.0,0.0,0.9746835443037974,0.01,0.0,0.0,0.0,0.77
https://www.linkedin.com/posts/google_bolands-mills-our-regeneration-of-150-year-old-activity-7401325551912722433-1LNP,google,2025-12-01 19:25:21,Helpful,15.0,0.0,0.0,0.0,0.0,1.0,0.0,0.0,0.0,0.0,0.5357142857142857
https://www.linkedin.com/posts/google_meet-raquel-a-product-manager-on-the-google-activity-7399537057003634688-suTq,google,2025-11-26 20:58:31,Helpful,63.0,0.0793650793650793,0.0909090909090909,0.0158730158730158,0.0793650793650793,0.8888888888888888,0.0505050505050505,0.074074074074074,0.0101010101010101,0.0505050505050505,0.5656565656565656
https://www.linkedin.com/posts/google_gemini-3-can-help-you-learn-anything-build-activity-7399158338430705665-1pcN,google,2025-11-25 19:53:37,Helpful,35.0,0.0571428571428571,0.0,0.0285714285714285,0.0571428571428571,0.9142857142857144,0.0465116279069767,0.0,0.0232558139534883,0.0465116279069767,0.7441860465116279
https://www.linkedin.com/posts/google_nano-banana-pro-gemini-3-pro-image-is-our-activity-7398818563387699200-aMO_,google,2025-11-24 21:23:28,Helpful,31.0,0.1290322580645161,0.0,0.032258064516129,0.064516129032258,0.8387096774193549,0.1081081081081081,0.0,0.027027027027027,0.054054054054054,0.7027027027027027
https://www.linkedin.com/posts/google_weve-compiled-the-must-read-linkedin-posts-activity-7397786419026616320-Uro2,google,2025-11-22 01:02:06,Harmless,77.0,0.2337662337662337,0.1481481481481481,0.0909090909090909,0.2337662337662337,0.7142857142857143,0.1875,0.1176470588235294,0.0729166666666666,0.1875,0.5729166666666666
https://www.linkedin.com/posts/google_gemini-drops-activity-7397767149676556288-7aBR,google,2025-11-21 23:45:32,Helpful,52.0,0.0961538461538461,0.08,0.0384615384615384,0.0961538461538461,0.8846153846153846,0.0769230769230769,0.0714285714285714,0.0307692307692307,0.0769230769230769,0.7076923076923077
https://www.linkedin.com/posts/google_spam-malware-phishing-emails-it-can-be-activity-7397686203480694784-SVNF,google,2025-11-21 18:23:53,Helpful,50.0,0.12,0.0555555555555555,0.0,0.1,0.82,0.0895522388059701,0.0454545454545454,0.0,0.0746268656716417,0.6119402985074627
https://www.linkedin.com/posts/google_as-a-part-of-the-international-accounting-activity-7397405806939496449-Vj2-,google,2025-11-20 23:49:41,Helpful,40.0,0.1,0.0,0.025,0.1,0.775,0.064516129032258,0.0,0.0161290322580645,0.064516129032258,0.5
https://www.linkedin.com/posts/google_nano-banana-pro-live-from-mountain-view-activity-7397345632710971393-L0dC,google,2025-11-20 19:50:34,Harmless,42.0,0.0476190476190476,0.0769230769230769,0.0,0.0238095238095238,0.7619047619047619,0.0202020202020202,0.0285714285714285,0.0,0.0101010101010101,0.3232323232323232
https://www.linkedin.com/posts/google_vibe-coding-with-gemini-3-live-from-mountain-activity-7396619598629851137-q8MO,google,2025-11-18 19:45:34,Helpful,46.0,0.0,0.0,0.0,0.0,0.9130434782608696,0.0,0.0,0.0,0.0,0.4242424242424242
https://www.linkedin.com/posts/google_2025-year-in-search-activity-7403798479220764672-4Wft,google,2025-12-08 15:11:53,Helpful,72.0,0.0416666666666666,0.032258064516129,0.0,0.0416666666666666,0.9166666666666666,0.03,0.027027027027027,0.0,0.03,0.66
https://www.linkedin.com/posts/google_introducing-gemini-3-deep-think-mode-activity-7402424085340901376-VaCI,google,2025-12-04 20:10:32,Helpful,64.0,0.125,0.125,0.015625,0.109375,0.875,0.1,0.1,0.0125,0.0875,0.7
https://www.linkedin.com/posts/google_gemini-3-is-now-in-the-gemini-app-that-means-activity-7401285427506192385-jXgA,google,2025-12-01 16:45:55,Helpful,25.0,0.04,0.0,0.0,0.04,0.88,0.0294117647058823,0.0,0.0,0.0294117647058823,0.6470588235294118
https://www.linkedin.com/posts/brianglaserphd_im-proud-to-share-that-alphabet-inc-is-ugcPost-7402233220861435904-FPlo,google,2025-12-05 16:50:31,Helpful,56.0,0.0357142857142857,0.0476190476190476,0.0357142857142857,0.0357142857142857,0.9464285714285714,0.0285714285714285,0.037037037037037,0.0285714285714285,0.0285714285714285,0.7571428571428571
https://www.linkedin.com/posts/google_take-a-peek-inside-our-new-taipei-office-activity-7399500415400124416-TXzb,google,2025-11-26 18:32:55,Helpful,64.0,0.046875,0.074074074074074,0.0,0.046875,0.859375,0.0344827586206896,0.064516129032258,0.0,0.0344827586206896,0.632183908045977
https://www.linkedin.com/posts/google_what-does-it-mean-to-be-an-ai-first-company-activity-7399231472903090176-pJU1,google,2025-11-26 00:44:14,Helpful,51.0,0.0588235294117647,0.0,0.0,0.0588235294117647,0.9019607843137256,0.0434782608695652,0.0,0.0,0.0434782608695652,0.6666666666666666
https://www.linkedin.com/posts/google_gemini-3-in-search-activity-7399192568984522752-xYdD,google,2025-11-25 22:09:38,Helpful,31.0,0.032258064516129,0.0,0.032258064516129,0.032258064516129,0.935483870967742,0.027027027027027,0.0,0.027027027027027,0.027027027027027,0.7837837837837838
https://www.linkedin.com/posts/google_welcome-to-the-gemini-3-era-tulsee-doshi-activity-7397672227581820930-ePVh,google,2025-11-21 17:28:21,Helpful,42.0,0.0476190476190476,0.0555555555555555,0.0238095238095238,0.0476190476190476,0.8333333333333334,0.0425531914893617,0.0555555555555555,0.0212765957446808,0.0425531914893617,0.7446808510638298
https://www.linkedin.com/posts/google_introducing-nano-banana-pro-gemini-3-pro-activity-7397294423178371073-rZcT,google,2025-11-20 16:27:05,Helpful,63.0,0.0793650793650793,0.1304347826086956,0.0158730158730158,0.0634920634920634,0.9047619047619048,0.0632911392405063,0.1071428571428571,0.0126582278481012,0.050632911392405,0.7215189873417721
https://www.linkedin.com/posts/google_gemini-3-our-most-intelligent-model-is-activity-7396654036244135936-6i0D,google,2025-11-18 22:02:25,Helpful,79.0,0.0632911392405063,0.0,0.0379746835443038,0.0632911392405063,0.8987341772151899,0.05,0.0,0.03,0.05,0.71
https://www.linkedin.com/posts/google_thinking-about-an-account-manager-role-at-activity-7396209253688160256-NidB,google,2025-11-17 16:35:01,Harmless,23.0,0.0869565217391304,0.0,0.0,0.0869565217391304,0.782608695652174,0.03125,0.0,0.0,0.03125,0.28125
https://www.linkedin.com/posts/google_lifeatgoogle-activity-7394088520245583872-Mb0r,google,2025-11-11 20:07:58,Helpful,74.0,0.1486486486486486,0.0909090909090909,0.0405405405405405,0.1351351351351351,0.8108108108108109,0.11,0.074074074074074,0.03,0.1,0.6
https://www.linkedin.com/posts/google_im-honored-to-share-that-google-is-ranked-activity-7391892478225969156-DyGQ,google,2025-11-05 18:41:41,Helpful,73.0,0.1095890410958904,0.0,0.0547945205479452,0.1095890410958904,0.8767123287671232,0.0869565217391304,0.0,0.0434782608695652,0.0869565217391304,0.6956521739130435
https://www.linkedin.com/posts/google_want-to-keep-up-with-all-the-ai-news-coming-activity-7391932680688545792-mUqY,google,2025-11-05 21:21:26,Helpful,83.0,0.0602409638554216,0.0666666666666666,0.0,0.036144578313253,0.9036144578313252,0.0505050505050505,0.0571428571428571,0.0,0.0303030303030303,0.7575757575757576
https://www.linkedin.com/posts/google_for-over-two-decades-weve-been-researching-activity-7391516416426024960-jmKP,google,2025-11-04 17:47:21,Helpful,38.0,0.1052631578947368,0.0666666666666666,0.0526315789473684,0.1052631578947368,0.8947368421052632,0.0769230769230769,0.0625,0.0384615384615384,0.0769230769230769,0.6538461538461539
https://www.linkedin.com/posts/google_aleksandras-journey-to-google-krak%C3%B3w-started-activity-7391207022630772738-Uzsr,google,2025-11-03 21:17:56,Helpful,51.0,0.0784313725490196,0.0476190476190476,0.0784313725490196,0.0784313725490196,0.9019607843137256,0.0634920634920634,0.04,0.0634920634920634,0.0634920634920634,0.7301587301587301
https://www.linkedin.com/posts/google_its-officially-the-most-paws-itively-spooky-activity-7390060110188023808-TxIY,google,2025-10-31 17:20:30,Helpful,72.0,0.0833333333333333,0.16,0.0277777777777777,0.0833333333333333,0.875,0.0612244897959183,0.1176470588235294,0.0204081632653061,0.0612244897959183,0.6428571428571429
https://www.linkedin.com/posts/google_gemini-drops-activity-7389033873789054976-CXpb,google,2025-10-28 21:22:37,Helpful,31.0,0.0,0.0,0.0,0.0,0.967741935483871,0.0,0.0,0.0,0.0,0.6666666666666666
https://www.linkedin.com/posts/google_each-morning-software-developer-abhigya-activity-7388655677935742977-HX0u,google,2025-10-27 20:19:48,Helpful,38.0,0.0789473684210526,0.0,0.0,0.1052631578947368,0.868421052631579,0.0566037735849056,0.0,0.0,0.0754716981132075,0.6226415094339622
https://www.linkedin.com/posts/google_in-q3-we-delivered-googles-first-ever-100-activity-7389421836591079424-ssys,google,2025-10-29 23:04:14,Harmless,0.0,0.0,0.0,0.0,0.0,0.0,0.0,0.0,0.0,0.0,0.0
https://www.linkedin.com/posts/google_this-week-we-announced-a-major-breakthrough-activity-7387132851260911616-r6cs,google,2025-10-23 16:28:38,Harmless,0.0,0.0,0.0,0.0,0.0,0.0,0.0,0.0,0.0,0.0,0.0
https://www.linkedin.com/posts/google_this-week-we-launched-google-skills-your-activity-7386881116898553856-T2-2,google,2025-10-22 23:48:19,Harmless,0.0,0.0,0.0,0.0,0.0,0.0,0.0,0.0,0.0,0.0,0.0
https://www.linkedin.com/posts/google_google-skills-is-our-new-home-for-building-activity-7386423373838573568-WZ6I,google,2025-10-21 17:29:25,Harmless,0.0,0.0,0.0,0.0,0.0,0.0,0.0,0.0,0.0,0.0,0.0
https://www.linkedin.com/posts/google_youve-probably-heard-people-talking-about-activity-7386150836864786432-WqFJ,google,2025-10-20 23:26:27,Harmless,0.0,0.0,0.0,0.0,0.0,0.0,0.0,0.0,0.0,0.0,0.0
https://www.linkedin.com/posts/google_for-esin-a-senior-account-manager-on-the-activity-7384975251928928256-Y__r,google,2025-10-17 17:35:06,Harmless,0.0,0.0,0.0,0.0,0.0,0.0,0.0,0.0,0.0,0.0,0.0
https://www.linkedin.com/posts/google-learning-edu_gemini-learnlm-activity-7389037814769799168-1Wxq,google,2025-10-30 23:04:34,Harmless,0.0,0.0,0.0,0.0,0.0,0.0,0.0,0.0,0.0,0.0,0.0
https://www.linkedin.com/posts/google_october-is-cybersecurity-awareness-month-activity-7384711506237526016-0JPo,google,2025-10-17 00:07:04,Harmless,0.0,0.0,0.0,0.0,0.0,0.0,0.0,0.0,0.0,0.0,0.0
https://www.linkedin.com/posts/google_carlos-a-data-center-strategic-negotiator-activity-7384309429036351488-yEPp,google,2025-10-15 21:29:21,Harmless,0.0,0.0,0.0,0.0,0.0,0.0,0.0,0.0,0.0,0.0,0.0
https://www.linkedin.com/posts/google_from-meeting-notes-to-generating-code-googlers-activity-7383912590852395009-BZJH,google,2025-10-14 19:12:28,Harmless,0.0,0.0,0.0,0.0,0.0,0.0,0.0,0.0,0.0,0.0,0.0
https://www.linkedin.com/posts/fiona-clare-cicconi-304249_meet-americas-best-employers-for-engineers-activity-7389079640147066883-7QuK,google,2025-10-29 00:45:24,Harmless,0.0,0.0,0.0,0.0,0.0,0.0,0.0,0.0,0.0,0.0,0.0
https://www.linkedin.com/posts/google_for-hari-a-technical-solutions-engineer-activity-7383585581672398848-2gyN,google,2025-10-13 21:33:03,Harmless,0.0,0.0,0.0,0.0,0.0,0.0,0.0,0.0,0.0,0.0,0.0
https://www.linkedin.com/posts/google_in-2022-a-small-team-in-google-labs-had-activity-7383567628688175104-oSgj,google,2025-10-13 20:21:42,Harmless,0.0,0.0,0.0,0.0,0.0,0.0,0.0,0.0,0.0,0.0,0.0
https://www.linkedin.com/posts/google_opinion-heres-what-will-really-affect-activity-7386110084290101248-2mS_,google,2025-10-20 20:44:31,Harmless,0.0,0.0,0.0,0.0,0.0,0.0,0.0,0.0,0.0,0.0,0.0
https://www.linkedin.com/posts/google_gemini-enterprise-brings-the-best-of-google-activity-7382473447945170947-RSWh,google,2025-10-10 19:53:49,Harmless,0.0,0.0,0.0,0.0,0.0,0.0,0.0,0.0,0.0,0.0,0.0
https://www.linkedin.com/posts/google_google-deepmind-opens-singapore-research-activity-7396957919990145024-jqFM,google,2025-11-19 18:09:56,Harmless,0.0,0.0,0.0,0.0,0.0,0.0,0.0,0.0,0.0,0.0,0.0
https://www.linkedin.com/posts/google_new-ai-updates-make-editing-creating-and-activity-7396267683404734464-MSC-,google,2025-11-17 20:27:11,Harmless,0.0,0.0,0.0,0.0,0.0,0.0,0.0,0.0,0.0,0.0,0.0
https://www.linkedin.com/posts/google_meet-pj-a-mountain-view-based-software-engineer-activity-7381399478269812737-YLg_,google,2025-10-07 20:46:15,Harmless,0.0,0.0,0.0,0.0,0.0,0.0,0.0,0.0,0.0,0.0,0.0
https://www.linkedin.com/posts/sundarpichai_today-weve-published-a-new-breakthrough-activity-7386781428832772097-kFWR,google,2025-10-22 21:07:17,Harmless,0.0,0.0,0.0,0.0,0.0,0.0,0.0,0.0,0.0,0.0,0.0
https://www.linkedin.com/posts/google_meet-aveek-a-staff-engineer-on-the-global-activity-7379987476020473856-s4BT,google,2025-10-03 23:15:27,Harmless,0.0,0.0,0.0,0.0,0.0,0.0,0.0,0.0,0.0,0.0,0.0
https://www.linkedin.com/posts/google_doodle-for-google-is-back-for-the-17th-year-activity-7394795880408821760-wewR,google,2025-11-13 18:58:46,Harmless,0.0,0.0,0.0,0.0,0.0,0.0,0.0,0.0,0.0,0.0,0.0
https://www.linkedin.com/posts/google_were-bringing-our-convenient-safe-and-activity-7384232424303542272-W_pt,google,2025-10-15 16:23:22,Harmless,0.0,0.0,0.0,0.0,0.0,0.0,0.0,0.0,0.0,0.0,0.0
https://www.linkedin.com/posts/google_for-sarita-an-ai-specialist-on-google-cloud-activity-7378925736931373056-Zg-B,google,2025-10-01 00:56:29,Harmless,0.0,0.0,0.0,0.0,0.0,0.0,0.0,0.0,0.0,0.0,0.0
https://www.linkedin.com/posts/google_heres-how-the-pixel-watch-team-reconfigured-activity-7378817773084307457-Ifkh,google,2025-09-30 17:47:28,Harmless,0.0,0.0,0.0,0.0,0.0,0.0,0.0,0.0,0.0,0.0,0.0
https://www.linkedin.com/posts/google_ghc25-activity-7393734361516310528-hgiE,google,2025-11-10 20:40:40,Harmless,0.0,0.0,0.0,0.0,0.0,0.0,0.0,0.0,0.0,0.0,0.0
https://www.linkedin.com/posts/sundarpichai_one-of-the-most-significant-opportunities-activity-7385072459202592768-ZV2d,google,2025-10-18 00:27:44,Harmless,0.0,0.0,0.0,0.0,0.0,0.0,0.0,0.0,0.0,0.0,0.0
https://www.linkedin.com/posts/google_meet-yuming-a-software-engineer-based-in-activity-7377446202142777344-SYzs,google,2025-09-26 22:57:20,Harmless,0.0,0.0,0.0,0.0,0.0,0.0,0.0,0.0,0.0,0.0,0.0
https://www.linkedin.com/posts/google_google-maps-just-got-a-big-ai-upgrade-that-activity-7392687024828416000-wNHq,google,2025-11-07 23:18:56,Harmless,0.0,0.0,0.0,0.0,0.0,0.0,0.0,0.0,0.0,0.0,0.0
https://www.linkedin.com/posts/google_now-geminis-deep-research-can-pull-in-info-activity-7392247447613485057-9ud8,google,2025-11-06 18:12:12,Harmless,0.0,0.0,0.0,0.0,0.0,0.0,0.0,0.0,0.0,0.0,0.0
https://www.linkedin.com/posts/google_the-field-of-data-center-operations-is-constantly-activity-7391945802983567362-FrNM,google,2025-11-05 22:13:35,Harmless,0.0,0.0,0.0,0.0,0.0,0.0,0.0,0.0,0.0,0.0,0.0
https://www.linkedin.com/posts/google_lifeatgoogle-activity-7374922897749864448-yMGC,google,2025-09-19 23:50:38,Harmless,0.0,0.0,0.0,0.0,0.0,0.0,0.0,0.0,0.0,0.0,0.0
https://www.linkedin.com/posts/google_gemini-drops-activity-7374879934194036736-zAfm,google,2025-09-19 20:59:54,Harmless,0.0,0.0,0.0,0.0,0.0,0.0,0.0,0.0,0.0,0.0,0.0
https://www.linkedin.com/posts/google_the-ai-race-isnt-just-a-race-to-invent-activity-7381715502475190272-LC_w,google,2025-10-08 17:42:01,Harmless,0.0,0.0,0.0,0.0,0.0,0.0,0.0,0.0,0.0,0.0,0.0
https://www.linkedin.com/posts/google_lifeatgoogle-activity-7374102459717144576-STPU,google,2025-09-17 17:30:30,Harmless,0.0,0.0,0.0,0.0,0.0,0.0,0.0,0.0,0.0,0.0,0.0
https://www.linkedin.com/posts/google_how-do-you-transform-raw-data-into-a-clear-activity-7373843338786922496-JSlQ,google,2025-09-17 00:20:51,Harmless,0.0,0.0,0.0,0.0,0.0,0.0,0.0,0.0,0.0,0.0,0.0
https://www.linkedin.com/posts/robbystein_today-marks-another-big-milestone-for-search-activity-7381453269895847936-_yIb,google,2025-10-08 00:21:33,Harmless,0.0,0.0,0.0,0.0,0.0,0.0,0.0,0.0,0.0,0.0,0.0
https://www.linkedin.com/posts/google_aashna-a-software-engineer-at-google-walked-activity-7389408109951098880-L-vs,google,2025-10-29 22:09:41,Harmless,0.0,0.0,0.0,0.0,0.0,0.0,0.0,0.0,0.0,0.0,0.0
https://www.linkedin.com/posts/google_lifeatgoogle-activity-7369774641206325251-_DPt,google,2025-09-05 18:53:18,Harmless,0.0,0.0,0.0,0.0,0.0,0.0,0.0,0.0,0.0,0.0,0.0
https://www.linkedin.com/posts/google_lifeatgoogle-activity-7369069667388153856-rAzd,google,2025-09-03 20:11:59,Harmless,0.0,0.0,0.0,0.0,0.0,0.0,0.0,0.0,0.0,0.0,0.0
https://www.linkedin.com/posts/google_this-week-at-google-we-announced-a-major-activity-7387615173077000193-RLNz,google,2025-10-25 00:25:12,Harmless,0.0,0.0,0.0,0.0,0.0,0.0,0.0,0.0,0.0,0.0,0.0
https://www.linkedin.com/posts/google_jaclyn-fullmp4-activity-7387502639057637376-4IjT,google,2025-10-24 16:58:02,Harmless,0.0,0.0,0.0,0.0,0.0,0.0,0.0,0.0,0.0,0.0,0.0
https://www.linkedin.com/posts/google_google-earth-ai-brings-together-our-geospatial-activity-7387200926815776768-QAxe,google,2025-10-23 20:59:08,Harmless,0.0,0.0,0.0,0.0,0.0,0.0,0.0,0.0,0.0,0.0,0.0
https://www.linkedin.com/posts/google_doogler-check-after-a-productive-week-activity-7367332216445546496-hE8A,google,2025-08-30 01:07:58,Harmless,0.0,0.0,0.0,0.0,0.0,0.0,0.0,0.0,0.0,0.0,0.0
https://www.linkedin.com/posts/google_lifeatgoogle-activity-7366508554637221888-H1F2,google,2025-08-27 18:35:02,Harmless,0.0,0.0,0.0,0.0,0.0,0.0,0.0,0.0,0.0,0.0,0.0
https://www.linkedin.com/posts/google_edit-your-photos-to-match-your-imagination-activity-7366200238778286080-83_8,google,2025-08-26 22:09:54,Harmless,0.0,0.0,0.0,0.0,0.0,0.0,0.0,0.0,0.0,0.0,0.0
https://www.linkedin.com/posts/google_this-week-at-google-we-shared-updates-around-activity-7385064585742929921-lePp,google,2025-10-17 23:30:05,Harmless,0.0,0.0,0.0,0.0,0.0,0.0,0.0,0.0,0.0,0.0,0.0
https://www.linkedin.com/posts/google_stay-one-step-ahead-with-magic-cue-on-pixel-activity-7384351597990035456-dYW9,google,2025-10-16 00:16:55,Harmless,0.0,0.0,0.0,0.0,0.0,0.0,0.0,0.0,0.0,0.0,0.0
https://www.linkedin.com/posts/google_finding-time-to-meet-just-got-easier-with-activity-7384328909695406080-yL5i,google,2025-10-15 22:46:46,Harmless,0.0,0.0,0.0,0.0,0.0,0.0,0.0,0.0,0.0,0.0,0.0
https://www.linkedin.com/posts/google_made-by-google-activity-7364075482838941697-h9e9,google,2025-08-21 01:26:53,Harmless,0.0,0.0,0.0,0.0,0.0,0.0,0.0,0.0,0.0,0.0,0.0
https://www.linkedin.com/posts/google_big-day-were-introducing-gemini-3-our-activity-7396583082641870849-p9Xm,google,2025-11-18 17:20:28,Harmless,0.0,0.0,0.0,0.0,0.0,0.0,0.0,0.0,0.0,0.0,0.0
https://www.linkedin.com/posts/google_unboxing-the-new-pixel-watch-4-on-shelves-activity-7383611239173607424-h8mz,google,2025-10-13 23:15:00,Harmless,0.0,0.0,0.0,0.0,0.0,0.0,0.0,0.0,0.0,0.0,0.0
https://www.linkedin.com/posts/google_lifeatgoogle-activity-7363342883992604673-h0mC,google,2025-08-19 00:55:47,Harmless,0.0,0.0,0.0,0.0,0.0,0.0,0.0,0.0,0.0,0.0,0.0
https://www.linkedin.com/posts/nickthefox_when-im-asking-friends-family-or-a-store-ugcPost-7394962444193914880-DKih,google,2025-11-14 15:43:59,Harmless,0.0,0.0,0.0,0.0,0.0,0.0,0.0,0.0,0.0,0.0,0.0
https://www.linkedin.com/posts/google_ready-to-start-or-shift-your-tech-career-activity-7362255213585383424-VblX,google,2025-08-16 00:53:47,Harmless,0.0,0.0,0.0,0.0,0.0,0.0,0.0,0.0,0.0,0.0,0.0
https://www.linkedin.com/posts/google_this-week-google-cloud-introduced-gemini-activity-7382543708363317248-ImXn,google,2025-10-11 00:33:01,Harmless,0.0,0.0,0.0,0.0,0.0,0.0,0.0,0.0,0.0,0.0,0.0
https://www.linkedin.com/posts/google_unboxing-the-new-pixel-10-pro-fold-on-shelves-activity-7382175457435369472-FAjr,google,2025-10-10 00:09:43,Harmless,0.0,0.0,0.0,0.0,0.0,0.0,0.0,0.0,0.0,0.0,0.0
https://www.linkedin.com/posts/maggie-cs_at-googleorg-our-commitment-to-leveraging-activity-7374491262349131776-JJpJ,google,2025-09-18 23:31:24,Harmless,0.0,0.0,0.0,0.0,0.0,0.0,0.0,0.0,0.0,0.0,0.0
https://www.linkedin.com/posts/lyratechnologies_lyrarecap-lyra-lifeatlyra-activity-7404037107234660352-VYDP,lyra,2025-12-09 07:00:06,Harmless,1.0,0.0,0.0,0.0,0.0,0.0,0.0,0.0,0.0,0.0,0.0
https://www.linkedin.com/posts/lyratechnologies_meet-the-judges-behind-lyras-first-ever-activity-7402217978978828288-VoqG,lyra,2025-12-04 06:31:32,Helpful,1.0,0.0,0.0,0.0,0.0,1.0,0.0,0.0,0.0,0.0,1.0
https://www.linkedin.com/posts/lyratechnologies_lyrathon-activity-7401900049108000768-FO48,lyra,2025-12-03 09:28:12,Harmful,3.0,0.3333333333333333,0.0,0.3333333333333333,0.0,0.3333333333333333,0.3333333333333333,0.0,0.3333333333333333,0.0,0.3333333333333333
https://www.linkedin.com/posts/lyratechnologies_lyrarecap-lifeatlyra-lyra-activity-7401486642555092992-2vf2,lyra,2025-12-02 06:05:28,Helpful,2.0,0.0,0.0,0.0,0.0,0.5,0.0,0.0,0.0,0.0,0.5
https://www.linkedin.com/posts/lyratechnologies_lyrahackathon2025-activity-7398987233778831360-1A4t,lyra,2025-11-25 08:33:43,Helpful,6.0,0.0,0.0,0.0,0.0,0.5,0.0,0.0,0.0,0.0,0.5
https://www.linkedin.com/posts/lyratechnologies_lyra-lifeatlyra-sydney-activity-7398608836946997248-s-GL,lyra,2025-11-24 07:30:06,Harmful,2.0,1.0,1.0,1.0,1.0,0.0,1.0,1.0,1.0,1.0,0.0
https://www.linkedin.com/posts/lyratechnologies_hobbes-is-reimagining-how-modern-saas-companies-activity-7396480290371600384-JE_Q,lyra,2025-11-18 10:32:01,Harmless,0.0,0.0,0.0,0.0,0.0,0.0,0.0,0.0,0.0,0.0,0.0
https://www.linkedin.com/posts/lyratechnologies_lyra-recap-8-the-only-way-left-is-up-activity-7396128740356968448-AL3n,lyra,2025-11-17 11:15:05,Harmful,3.0,0.6666666666666666,0.0,0.3333333333333333,0.6666666666666666,0.0,0.6666666666666666,0.0,0.3333333333333333,0.6666666666666666,0.0
https://www.linkedin.com/posts/anh-dao-au_ive-seen-the-chatter-its-okay-conversations-activity-7395001446393556992-tL5h,lyra,2025-11-17 09:45:37,Harmful,23.0,0.3043478260869565,0.2,0.3043478260869565,0.3043478260869565,0.5217391304347826,0.3043478260869565,0.2,0.3043478260869565,0.3043478260869565,0.5217391304347826
https://www.linkedin.com/posts/lyratechnologies_in-melbourne-and-dont-know-what-to-do-this-activity-7399943684835966976-CZdK,lyra,2025-11-27 23:54:18,Helpful,2.0,0.0,0.0,0.0,0.0,1.0,0.0,0.0,0.0,0.0,1.0
https://www.linkedin.com/posts/lyratechnologies_lyra-sydney-softwaresauce-activity-7399582751001276416-gw_x,lyra,2025-11-27 00:00:05,Harmless,0.0,0.0,0.0,0.0,0.0,0.0,0.0,0.0,0.0,0.0,0.0
https://www.linkedin.com/posts/anh-dao-au_lyra-is-looking-to-hire-20-software-engineers-ugcPost-7398912358204657664-b7l9,lyra,2025-11-25 05:44:29,Helpful,21.0,0.0,0.0,0.0,0.0,0.5714285714285714,0.0,0.0,0.0,0.0,0.5714285714285714
https://www.linkedin.com/posts/sukheshkp_just-learned-how-to-post-a-job-on-this-site-activity-7395720764567543808-l5de,lyra,2025-11-16 12:56:39,Harmless,3.0,0.0,0.0,0.0,0.0,0.0,0.0,0.0,0.0,0.0,0.0
https://www.linkedin.com/posts/lyratechnologies_thunder-computeyc-s24-is-on-a-mission-activity-7393814981697449984-f8u9,lyra,2025-11-11 02:01:02,Harmless,0.0,0.0,0.0,0.0,0.0,0.0,0.0,0.0,0.0,0.0,0.0
https://www.linkedin.com/posts/lyratechnologies_lyra-recap-7-its-getting-hot-in-here-activity-7393544301210787841-8rXx,lyra,2025-11-10 08:05:26,Harmless,3.0,0.0,0.0,0.0,0.0,0.3333333333333333,0.0,0.0,0.0,0.0,0.3333333333333333
https://www.linkedin.com/posts/lyratechnologies_our-co-founder-anh-dao-will-be-featured-on-activity-7397050272847491072--H2u,lyra,2025-11-20 00:16:55,Helpful,7.0,0.0,0.0,0.0,0.0,0.7142857142857143,0.0,0.0,0.0,0.0,0.7142857142857143
https://www.linkedin.com/posts/lyratechnologies_lyrarecap-6-creatively-active-its-activity-7391270643620724736-FL5b,lyra,2025-11-04 01:30:44,Harmless,4.0,0.0,0.0,0.0,0.0,0.25,0.0,0.0,0.0,0.0,0.25
https://www.linkedin.com/posts/lyratechnologies_lyrarecap-lyra-sydney-activity-7388761005796990976-h_m4,lyra,2025-10-28 03:18:20,Helpful,3.0,0.0,0.0,0.0,0.0,0.6666666666666666,0.0,0.0,0.0,0.0,0.6666666666666666
https://www.linkedin.com/posts/lyratechnologies_lyra-lifeatlyra-sydneystartup-activity-7385838427377713152-x3sV,lyra,2025-10-20 02:45:03,Harmful,5.0,0.2,0.0,0.2,0.2,0.6,0.2,0.0,0.2,0.2,0.6
https://www.linkedin.com/posts/lyratechnologies_lyra100-activity-7381168917840318464-GC4k,lyra,2025-10-07 05:30:05,Harmless,3.0,0.0,0.0,0.0,0.0,0.3333333333333333,0.0,0.0,0.0,0.0,0.3333333333333333
https://www.linkedin.com/posts/lyratechnologies_lyra100-be-part-of-the-100-activity-7379783365878611968-z4l4,lyra,2025-10-03 09:44:24,Helpful,14.0,0.0,0.0,0.0,0.0,0.5714285714285714,0.0,0.0,0.0,0.0,0.5714285714285714
https://www.linkedin.com/posts/anh-dao-au_we-dont-hire-by-labels-we-hire-by-elo-activity-7386200145492701186-IzyR,lyra,2025-10-21 02:45:17,Helpful,6.0,0.0,0.0,0.0,0.0,0.8333333333333334,0.0,0.0,0.0,0.0,0.8333333333333334
https://www.linkedin.com/posts/lyratechnologies_whatislyra-lifeatlyra-sydneystartup-activity-7379319227176038400-fH-j,lyra,2025-10-02 03:00:04,Helpful,4.0,0.0,0.0,0.0,0.0,0.75,0.0,0.0,0.0,0.0,0.75
https://www.linkedin.com/posts/sukheshkp_what-does-it-take-to-land-your-design-on-activity-7385823481206190080-YdVL,lyra,2025-10-20 01:50:58,Helpful,6.0,0.0,0.0,0.0,0.0,1.0,0.0,0.0,0.0,0.0,1.0
https://www.linkedin.com/posts/lyratechnologies_iris-yc-f25-is-a-privacy-first-personal-activity-7378977513529782274-oyGV,lyra,2025-10-01 04:22:13,Helpful,7.0,0.0,0.0,0.0,0.0,1.0,0.0,0.0,0.0,0.0,1.0
https://www.linkedin.com/posts/lyratechnologies_lyra-sydneystartup-lifeatlyra-activity-7394264484682465281-ptC2,lyra,2025-11-12 07:47:11,Helpful,2.0,0.0,0.0,0.0,0.0,0.5,0.0,0.0,0.0,0.0,0.5
https://www.linkedin.com/posts/lyratechnologies_alloy-yc-w23-is-an-ai-powered-prototyping-activity-7377226321967591424-GcNS,lyra,2025-09-26 08:23:37,Helpful,4.0,0.0,0.0,0.0,0.0,0.75,0.0,0.0,0.0,0.0,0.75
https://www.linkedin.com/posts/lyratechnologies_lyrarecap-lifeatlyra-sydneystartup-activity-7376154199455105025-zA9G,lyra,2025-09-23 09:23:23,Harmless,7.0,0.0,0.0,0.0,0.0,0.2857142857142857,0.0,0.0,0.0,0.0,0.2857142857142857
https://www.linkedin.com/posts/lyratechnologies_i-didnt-start-hack48-because-i-wanted-to-activity-7382222919659081728-jRGQ,lyra,2025-10-10 03:18:19,Helpful,1.0,0.0,0.0,0.0,0.0,1.0,0.0,0.0,0.0,0.0,1.0
https://www.linkedin.com/posts/lyratechnologies_lifeatlyra-sydney-lyra-activity-7391696739071717376-Nyf3,lyra,2025-11-05 05:43:53,Harmful,1.0,1.0,1.0,0.0,1.0,0.0,1.0,1.0,0.0,1.0,0.0
https://www.linkedin.com/posts/lyratechnologies_lyrarecap-lifeatlyra-sydneystartup-activity-7373663620116774914-Uvqg,lyra,2025-09-16 12:26:43,Helpful,4.0,0.0,0.0,0.0,0.0,1.0,0.0,0.0,0.0,0.0,1.0
https://www.linkedin.com/posts/lyratechnologies_announcing-lyras-season-5-merch-line-sourced-activity-7369236572996554753-fVf0,lyra,2025-09-04 07:15:12,Harmless,0.0,0.0,0.0,0.0,0.0,0.0,0.0,0.0,0.0,0.0,0.0
https://www.linkedin.com/posts/lyratechnologies_lifeatlyra-sydney-lyra-activity-7387314562708058112-g65j,lyra,2025-10-24 04:30:41,Harmless,0.0,0.0,0.0,0.0,0.0,0.0,0.0,0.0,0.0,0.0,0.0
https://www.linkedin.com/posts/lyratechnologies_we-are-delighted-to-share-our-partnership-activity-7365621672348962816-aZpj,lyra,2025-08-25 07:50:53,Harmless,0.0,0.0,0.0,0.0,0.0,0.0,0.0,0.0,0.0,0.0,0.0
https://www.linkedin.com/posts/manan-jaiswal_readme-yc-w15-x-lyra-intro-therapy-recap-activity-7376801829185060864-dH_k,lyra,2025-09-25 06:45:48,Harmless,0.0,0.0,0.0,0.0,0.0,0.0,0.0,0.0,0.0,0.0,0.0
https://www.linkedin.com/posts/lyratechnologies_lifeatlyra-sydney-lyra-activity-7384426811520212992-hX0s,lyra,2025-10-16 05:15:47,Harmless,0.0,0.0,0.0,0.0,0.0,0.0,0.0,0.0,0.0,0.0,0.0
https://www.linkedin.com/posts/justinqin_thrilled-to-share-that-hack48-is-once-again-activity-7374577985363836928-uTJ3,lyra,2025-09-20 04:27:07,Harmless,0.0,0.0,0.0,0.0,0.0,0.0,0.0,0.0,0.0,0.0,0.0
https://www.linkedin.com/posts/lyratechnologies_lifeatlyra-sydneystartup-lyra-activity-7381991847121936384-NuPf,lyra,2025-10-09 12:00:07,Harmless,0.0,0.0,0.0,0.0,0.0,0.0,0.0,0.0,0.0,0.0,0.0
https://www.linkedin.com/posts/lyratechnologies_lyra100-lifeatlyra-sydneystartup-activity-7381935522727878656-FAY1,lyra,2025-10-09 08:16:18,Harmless,0.0,0.0,0.0,0.0,0.0,0.0,0.0,0.0,0.0,0.0,0.0
https://www.linkedin.com/posts/lyratechnologies_sharing-the-recent-web-redesign-that-lyra-activity-7361284722196381696-Tk8v,lyra,2025-08-13 08:37:23,Harmless,0.0,0.0,0.0,0.0,0.0,0.0,0.0,0.0,0.0,0.0,0.0
https://www.linkedin.com/posts/lyratechnologies_readme-yc-w15-is-a-developer-experience-activity-7359107759159590914-ml6R,lyra,2025-08-07 08:26:55,Harmless,0.0,0.0,0.0,0.0,0.0,0.0,0.0,0.0,0.0,0.0,0.0
https://www.linkedin.com/posts/lyratechnologies_lifeatlyra-sydneystartup-lyra-activity-7379817494808727555-EqrZ,lyra,2025-10-03 12:00:01,Harmless,0.0,0.0,0.0,0.0,0.0,0.0,0.0,0.0,0.0,0.0,0.0
https://www.linkedin.com/posts/lyratechnologies_we-are-excited-to-announce-our-partnership-activity-7358378459875762176-Ydt9,lyra,2025-08-05 08:08:56,Harmless,0.0,0.0,0.0,0.0,0.0,0.0,0.0,0.0,0.0,0.0,0.0
https://www.linkedin.com/posts/lyratechnologies_lyra-line-up-daniel-engineer-5-activity-7378011371097165824-Vs5d,lyra,2025-09-28 12:23:07,Harmless,0.0,0.0,0.0,0.0,0.0,0.0,0.0,0.0,0.0,0.0,0.0
https://www.linkedin.com/posts/lyratechnologies_we-are-happy-to-share-our-partnership-with-activity-7356187301460246529-T1qr,lyra,2025-07-30 07:02:04,Harmless,0.0,0.0,0.0,0.0,0.0,0.0,0.0,0.0,0.0,0.0,0.0
https://www.linkedin.com/posts/lyratechnologies_our-very-own-anh-dao-and-manan-jaiswal-were-activity-7355820848273911810-IwT8,lyra,2025-07-29 06:45:54,Harmless,0.0,0.0,0.0,0.0,0.0,0.0,0.0,0.0,0.0,0.0,0.0
https://www.linkedin.com/posts/lyratechnologies_were-delighted-to-kick-off-our-partnership-activity-7355496231365758977-d_Ty,lyra,2025-07-28 09:16:00,Harmless,0.0,0.0,0.0,0.0,0.0,0.0,0.0,0.0,0.0,0.0,0.0
https://www.linkedin.com/posts/lyratechnologies_lifeatlyra-activity-7376059072107724800-Wm02,lyra,2025-09-23 03:05:23,Harmless,0.0,0.0,0.0,0.0,0.0,0.0,0.0,0.0,0.0,0.0,0.0
https://www.linkedin.com/posts/anh-dao-au_mission-critical-need-all-builders-engineers-activity-7369166066318508034-shvJ,lyra,2025-09-04 02:42:19,Harmless,0.0,0.0,0.0,0.0,0.0,0.0,0.0,0.0,0.0,0.0,0.0
https://www.linkedin.com/posts/lyratechnologies_lifeatlyra-sydney-lyra-activity-7374747049650667520-91Uq,lyra,2025-09-19 12:11:52,Harmless,0.0,0.0,0.0,0.0,0.0,0.0,0.0,0.0,0.0,0.0,0.0
https://www.linkedin.com/posts/microsoft_from-startups-to-public-institutions-microsoft-activity-7405217882344742912-p1wH,microsoft,2025-12-12 13:12:05,Harmless,0.0,0.0,0.0,0.0,0.0,0.0,0.0,0.0,0.0,0.0,0.0
https://www.linkedin.com/posts/microsoft_ai-is-rewriting-the-rules-in-financial-services-activity-7406660228852867072-uKTg,microsoft,2025-12-16 12:43:27,Harmless,0.0,0.0,0.0,0.0,0.0,0.0,0.0,0.0,0.0,0.0,0.0
https://www.linkedin.com/posts/microsoft_microsoftcareersemea-microsoftlife-activity-7406634200809979905-ImVI,microsoft,2025-12-16 11:00:02,Harmless,0.0,0.0,0.0,0.0,0.0,0.0,0.0,0.0,0.0,0.0,0.0
https://www.linkedin.com/posts/microsoft_microsoftcareersemea-microsoftlife-datacentercareers-activity-7404822271279702016-0LXw,microsoft,2025-12-11 11:00:04,Harmless,0.0,0.0,0.0,0.0,0.0,0.0,0.0,0.0,0.0,0.0,0.0
https://www.linkedin.com/posts/microsoft_your-ai-assistant-is-only-as-good-as-your-activity-7406267026874363904-dxv-,microsoft,2025-12-15 10:41:00,Harmless,0.0,0.0,0.0,0.0,0.0,0.0,0.0,0.0,0.0,0.0,0.0
https://www.linkedin.com/posts/satyanadella_a-race-against-time-maharashtra-police-get-activity-7405143430328258560-Bzph,microsoft,2025-12-12 19:42:46,Harmless,0.0,0.0,0.0,0.0,0.0,0.0,0.0,0.0,0.0,0.0,0.0
https://www.linkedin.com/posts/satyanadella_real-time-intelligence-how-indias-swiggy-activity-7404753089972535299-0NPA,microsoft,2025-12-11 19:22:05,Harmless,0.0,0.0,0.0,0.0,0.0,0.0,0.0,0.0,0.0,0.0,0.0
https://www.linkedin.com/posts/satyanadella_jobs-security-skills-how-indias-giant-activity-7404408432293969921-BJHX,microsoft,2025-12-10 18:46:54,Harmless,0.0,0.0,0.0,0.0,0.0,0.0,0.0,0.0,0.0,0.0,0.0
https://www.linkedin.com/posts/microsoft_in-decembers-edition-of-the-monthly-tech-activity-7404897963891863555-DDih,microsoft,2025-12-11 16:00:50,Harmless,0.0,0.0,0.0,0.0,0.0,0.0,0.0,0.0,0.0,0.0,0.0
https://www.linkedin.com/posts/microsoft_azureai-azureaifoundry-activity-7404127681430097920-C2I2,microsoft,2025-12-09 13:00:01,Harmless,0.0,0.0,0.0,0.0,0.0,0.0,0.0,0.0,0.0,0.0,0.0
https://www.linkedin.com/posts/microsoft_microsoft-sovereign-cloud-strengthens-europe-activity-7402728522915717120-lKfi,microsoft,2025-12-05 16:20:15,Harmless,0.0,0.0,0.0,0.0,0.0,0.0,0.0,0.0,0.0,0.0,0.0
https://www.linkedin.com/posts/microsoft_december-is-officially-here-are-you-ready-activity-7404099015732056064-uX0i,microsoft,2025-12-09 11:06:06,Harmless,0.0,0.0,0.0,0.0,0.0,0.0,0.0,0.0,0.0,0.0,0.0
https://www.linkedin.com/posts/microsoft_workflows-in-copilot-in-teams-activity-7404823999505010688-slz-,microsoft,2025-12-11 11:06:56,Harmless,0.0,0.0,0.0,0.0,0.0,0.0,0.0,0.0,0.0,0.0,0.0
https://www.linkedin.com/posts/satyanadella_super-excited-about-gpt-52-from-our-partners-ugcPost-7404949411031605248-S2VI,microsoft,2025-12-11 21:20:46,Harmless,0.0,0.0,0.0,0.0,0.0,0.0,0.0,0.0,0.0,0.0,0.0
https://www.linkedin.com/posts/microsoft_microsoft-wrapped-2025-activity-7403731927611895808-KSWL,microsoft,2025-12-08 10:47:26,Harmless,0.0,0.0,0.0,0.0,0.0,0.0,0.0,0.0,0.0,0.0,0.0
https://www.linkedin.com/posts/microsoft_lesson-one-lock-it-down-brush-up-on-activity-7404479925191086080-MiGO,microsoft,2025-12-10 12:19:42,Harmless,0.0,0.0,0.0,0.0,0.0,0.0,0.0,0.0,0.0,0.0,0.0
https://www.linkedin.com/posts/microsoft_ai-is-reshaping-business-and-your-data-security-activity-7402300895356661761-8GAd,microsoft,2025-12-04 12:01:01,Harmless,0.0,0.0,0.0,0.0,0.0,0.0,0.0,0.0,0.0,0.0,0.0
https://www.linkedin.com/posts/microsoft_microsoftcareersemea-microsoftlife-datacentercareers-activity-7402285543910252544-Xvuz,microsoft,2025-12-04 11:00:01,Harmless,0.0,0.0,0.0,0.0,0.0,0.0,0.0,0.0,0.0,0.0,0.0
https://www.linkedin.com/posts/microsoft_the-future-of-ai-is-being-built-by-our-partners-activity-7401991104163749888-aSaw,microsoft,2025-12-03 15:30:01,Harmless,0.0,0.0,0.0,0.0,0.0,0.0,0.0,0.0,0.0,0.0,0.0
https://www.linkedin.com/posts/microsoft_microsoftfabric-microsoftpurview-powerbi-activity-7401913159957106688-OgG3,microsoft,2025-12-03 10:20:18,Harmless,0.0,0.0,0.0,0.0,0.0,0.0,0.0,0.0,0.0,0.0,0.0
https://www.linkedin.com/posts/microsoft_promptlikeapro-activity-7400164947235786752-Bzah,microsoft,2025-11-28 14:33:31,Harmless,0.0,0.0,0.0,0.0,0.0,0.0,0.0,0.0,0.0,0.0,0.0
https://www.linkedin.com/posts/microsoft_ai-learning-empower-tomorrows-innovators-activity-7405245095974854657-Y5N7,microsoft,2025-12-12 15:00:13,Harmless,0.0,0.0,0.0,0.0,0.0,0.0,0.0,0.0,0.0,0.0,0.0
https://www.linkedin.com/posts/microsoft_ai-has-moved-fast-at-microsoft-ignite-it-activity-7399096847891562496-6Bvj,microsoft,2025-11-25 15:49:17,Harmless,0.0,0.0,0.0,0.0,0.0,0.0,0.0,0.0,0.0,0.0,0.0
https://www.linkedin.com/posts/microsoft_promptlikeapro-activity-7397561443698737153-H8bv,microsoft,2025-11-21 10:08:08,Harmless,0.0,0.0,0.0,0.0,0.0,0.0,0.0,0.0,0.0,0.0,0.0
https://www.linkedin.com/posts/microsoft_msignite-activity-7396698747499470850-lKvo,microsoft,2025-11-19 01:00:05,Harmless,0.0,0.0,0.0,0.0,0.0,0.0,0.0,0.0,0.0,0.0,0.0
https://www.linkedin.com/posts/charleslamanna_msignite-activity-7396969820862394369-P3Be,microsoft,2025-11-20 01:12:03,Harmless,0.0,0.0,0.0,0.0,0.0,0.0,0.0,0.0,0.0,0.0,0.0
https://www.linkedin.com/posts/microsoft_microsoftcareersemea-microsoftlife-activity-7404097482986528768-Wnru,microsoft,2025-12-09 11:00:01,Harmless,0.0,0.0,0.0,0.0,0.0,0.0,0.0,0.0,0.0,0.0,0.0
https://www.linkedin.com/posts/microsoft-health_msignite-activity-7396623231815704576-8MF4,microsoft,2025-11-18 20:56:34,Harmless,0.0,0.0,0.0,0.0,0.0,0.0,0.0,0.0,0.0,0.0,0.0
https://www.linkedin.com/posts/dorothynanyanli_securitycopilot-microsoft365e5-cybersecurity-activity-7396578643185065984-E6VQ,microsoft,2025-11-18 18:48:38,Harmless,0.0,0.0,0.0,0.0,0.0,0.0,0.0,0.0,0.0,0.0,0.0
https://www.linkedin.com/posts/charleslamanna_microsoft-agent-365-the-control-plane-for-activity-7396584048422260737-US95,microsoft,2025-11-18 18:30:45,Harmless,0.0,0.0,0.0,0.0,0.0,0.0,0.0,0.0,0.0,0.0,0.0
https://www.linkedin.com/posts/fxshaw_from-idea-to-deployment-the-complete-lifecycle-activity-7396578136546713600-aazG,microsoft,2025-11-18 18:20:52,Harmless,0.0,0.0,0.0,0.0,0.0,0.0,0.0,0.0,0.0,0.0,0.0
https://www.linkedin.com/posts/nick-parker-0007aa46_levi-strauss-co-is-showing-what-it-means-activity-7396330372067704832-hm54,microsoft,2025-11-18 02:24:09,Harmless,0.0,0.0,0.0,0.0,0.0,0.0,0.0,0.0,0.0,0.0,0.0
https://www.linkedin.com/posts/microsoft_msignite-activity-7403752157453176832-HJrH,microsoft,2025-12-08 12:07:49,Harmless,0.0,0.0,0.0,0.0,0.0,0.0,0.0,0.0,0.0,0.0,0.0
https://www.linkedin.com/posts/microsoft_microsoft-copilot-connections-use-copilot-activity-7402297329233375232-xFHV,microsoft,2025-12-04 11:46:51,Harmless,0.0,0.0,0.0,0.0,0.0,0.0,0.0,0.0,0.0,0.0,0.0
https://www.linkedin.com/posts/microsoft_msignite-microsoftfoundry-activity-7399771047362793472-Vfg7,microsoft,2025-11-27 12:28:18,Harmless,0.0,0.0,0.0,0.0,0.0,0.0,0.0,0.0,0.0,0.0,0.0
https://www.linkedin.com/posts/microsoft_microsoftcareersemea-microsoftlife-datacentercareers-activity-7399748849675907073-Orms,microsoft,2025-11-27 11:00:06,Harmless,0.0,0.0,0.0,0.0,0.0,0.0,0.0,0.0,0.0,0.0,0.0
https://www.linkedin.com/posts/microsoft_microsoftcareersemea-microsoftlife-activity-7401560817357307904-SGI5,microsoft,2025-12-02 11:00:13,Harmless,0.0,0.0,0.0,0.0,0.0,0.0,0.0,0.0,0.0,0.0,0.0
https://www.linkedin.com/posts/microsoft_were-more-than-a-single-story-at-microsoft-activity-7401349457478569985-pp34,microsoft,2025-12-01 21:00:21,Harmless,0.0,0.0,0.0,0.0,0.0,0.0,0.0,0.0,0.0,0.0,0.0
https://www.linkedin.com/posts/microsoft_last-chance-tomorrow-is-the-big-day-don-activity-7399076901123960832-d84O,microsoft,2025-11-25 14:30:01,Harmless,0.0,0.0,0.0,0.0,0.0,0.0,0.0,0.0,0.0,0.0,0.0
https://www.linkedin.com/posts/satyanadella_with-theexcelworld-championship-underway-ugcPost-7402362093599129601-cCPd,microsoft,2025-12-04 20:07:31,Harmless,0.0,0.0,0.0,0.0,0.0,0.0,0.0,0.0,0.0,0.0,0.0
https://www.linkedin.com/posts/microsoft_what-if-ai-could-think-more-like-the-human-activity-7399469228782960641-HXDW,microsoft,2025-11-26 16:28:59,Harmless,0.0,0.0,0.0,0.0,0.0,0.0,0.0,0.0,0.0,0.0,0.0
https://www.linkedin.com/posts/microsoft_microsoft-windows365-intune-activity-7399466926445539328-fScE,microsoft,2025-11-26 16:19:50,Harmless,0.0,0.0,0.0,0.0,0.0,0.0,0.0,0.0,0.0,0.0,0.0
https://www.linkedin.com/posts/microsoft_organise-to-do-lists-activity-7399064533564055553-rYQG,microsoft,2025-11-25 13:40:52,Harmless,0.0,0.0,0.0,0.0,0.0,0.0,0.0,0.0,0.0,0.0,0.0
https://www.linkedin.com/posts/microsoft_microsoftcareersemea-microsoftlife-activity-7399024072300519426-KqpS,microsoft,2025-11-25 11:00:06,Harmless,0.0,0.0,0.0,0.0,0.0,0.0,0.0,0.0,0.0,0.0,0.0
https://www.linkedin.com/posts/microsoft_build-your-own-agent-81-of-leaders-expect-activity-7398691883801198593-13p0,microsoft,2025-11-24 13:00:06,Harmless,0.0,0.0,0.0,0.0,0.0,0.0,0.0,0.0,0.0,0.0,0.0
https://www.linkedin.com/posts/microsoft_were-investing-to-expand-datacenter-capacity-activity-7398640366779863041-Yk5w,microsoft,2025-11-24 09:35:23,Harmless,0.0,0.0,0.0,0.0,0.0,0.0,0.0,0.0,0.0,0.0,0.0
https://www.linkedin.com/posts/microsoft_microsoftcareersemea-microsoftlife-activity-7397212129264599041-yIJv,microsoft,2025-11-20 11:00:05,Harmless,0.0,0.0,0.0,0.0,0.0,0.0,0.0,0.0,0.0,0.0,0.0
https://www.linkedin.com/posts/microsoft_can-you-imagine-the-future-of-legal-work-activity-7396910142732050432-OXZt,microsoft,2025-11-19 15:00:05,Harmless,0.0,0.0,0.0,0.0,0.0,0.0,0.0,0.0,0.0,0.0,0.0
https://www.linkedin.com/posts/microsoft_stay-focused-and-productive-in-every-meeting-activity-7396874018571788289-OY5-,microsoft,2025-11-19 12:36:33,Harmless,0.0,0.0,0.0,0.0,0.0,0.0,0.0,0.0,0.0,0.0,0.0
https://www.linkedin.com/posts/microsoft_microsoftcareersemea-microsoftlife-datacentercareers-activity-7396487356758941696-c-78,microsoft,2025-11-18 11:00:05,Harmless,0.0,0.0,0.0,0.0,0.0,0.0,0.0,0.0,0.0,0.0,0.0
https://www.linkedin.com/posts/tesla-motors_tesla-activity-7292587924842270720-f3V7,tesla,2025-02-04 18:00:51,Harmless,81.0,0.1975308641975308,0.2631578947368421,0.1111111111111111,0.1851851851851851,0.7777777777777778,0.16,0.1923076923076923,0.09,0.15,0.63
https://www.linkedin.com/posts/tesla-motors_we-are-tesla-were-not-just-creating-products-activity-7306269607462330368-5STT,tesla,2025-03-14 12:06:58,Harmful,75.0,0.4,0.3043478260869565,0.16,0.3866666666666666,0.5733333333333334,0.3061224489795918,0.2258064516129032,0.1224489795918367,0.2959183673469387,0.4387755102040816
https://www.linkedin.com/posts/tesla-motors_new-model-y-deliveries-in-europe-starting-activity-7303864036255846401-DQQI,tesla,2025-03-07 20:48:05,Harmful,81.0,0.3209876543209876,0.3103448275862069,0.0,0.3209876543209876,0.6790123456790124,0.268041237113402,0.2368421052631578,0.0,0.268041237113402,0.5670103092783505
https://www.linkedin.com/posts/tesla-motors_engineering-cybertruck-for-maximum-safety-activity-7298163955611377664-d5Ga,tesla,2025-02-20 03:18:00,Harmless,78.0,0.1923076923076923,0.12,0.0256410256410256,0.1923076923076923,0.782051282051282,0.1515151515151515,0.0833333333333333,0.0202020202020202,0.1515151515151515,0.6161616161616161
https://www.linkedin.com/posts/tesla-motors_tesla-vehicles-now-drive-themselves-from-activity-7290360024084738049-lYab,tesla,2025-01-29 14:27:58,Harmful,73.0,0.2602739726027397,0.3,0.0410958904109589,0.2191780821917808,0.7123287671232876,0.1938775510204081,0.2432432432432432,0.0306122448979591,0.1632653061224489,0.5306122448979592
https://www.linkedin.com/posts/tesla-motors_y-activity-7288554240501837824-rluW,tesla,2025-01-24 14:52:25,Harmful,66.0,0.3787878787878788,0.6,0.2121212121212121,0.3787878787878788,0.5303030303030303,0.2551020408163265,0.375,0.1428571428571428,0.2551020408163265,0.3571428571428571
https://www.linkedin.com/posts/tesla-motors_cybertruck-achieves-5-star-overall-safety-activity-7297820525219696640-MfQm,tesla,2025-02-19 04:33:20,Harmful,74.0,0.3783783783783784,0.4583333333333333,0.1351351351351351,0.3378378378378378,0.6216216216216216,0.2916666666666667,0.3793103448275862,0.1041666666666666,0.2604166666666667,0.4791666666666667
https://www.linkedin.com/posts/tesla-motors_if-you-bought-a-model-3-in-2021-these-are-activity-7275501759249211392-Olm7,tesla,2024-12-19 14:26:31,Harmful,89.0,0.2696629213483146,0.2647058823529412,0.0337078651685393,0.247191011235955,0.6853932584269663,0.2424242424242424,0.2432432432432432,0.0303030303030303,0.2222222222222222,0.6161616161616161
