post_url,post_text,posted_at,likes,total_comments,pct_tech_comments,pct_engineer_comments,pct_founder_comments,pct_hr_comments,pct_negative,pct_negative_engineer,pct_toxic_burnout,pct_critical_hostile,pct_supportive,risk_level,risk_class,risk_score,risk_reasons,risk_level_full,risk_class_full,risk_score_full,risk_reasons_full,pct_negative_full,pct_negative_engineer_full,pct_toxic_burnout_full,pct_critical_hostile_full,pct_supportive_full
https://www.linkedin.com/posts/meta_lifeatmeta-womenintech-gracehopper2025-activity-7406713486380085248-6R72,"5 products shipped in one year. Nonlinear paths embraced. Careers redefined. ğŸ‘“ At Grace Hopper 2025, Meta wearables leaders Hind Hobeika, Kelly Ingham, Ming Hua and Shira Gordon revealed how curiosity fueled their rise in consumer hardware. ğŸ”¹ Discover the top 5 career growth lessons theyâ€™ve learned from decades in leadership. Julia L. #LifeAtMeta #WomeninTech #GraceHopper2025 #MetaCareers #Wearables #AI",2025-12-16 16:15:05,29,7.0,0.42857142857142855,0.14285714285714285,0.14285714285714285,0.14285714285714285,0.14285714285714285,0.0,0.14285714285714285,0.14285714285714285,0.8571428571428571,Low,Helpful,0.0,supportive signal,Low,Helpful,0.0,supportive signal,0.14285714285714285,0.0,0.14285714285714285,0.14285714285714285,0.8571428571428571
https://www.linkedin.com/posts/meta_techgifts-techinnovation-metaai-activity-7405592348828737536-tKhe,Looking for the perfect holiday gift? ğŸ Take Metaâ€™s Holiday Quiz to see which cutting-edge AI or VR device fits your loved ones' interests â€” from iconic AI glasses to immersive Quest headsets. Give the gift of innovation this season! ğŸ‘“ Find your perfect match in the gift guide: https://lnkd.in/g26v7wnp âœ¨ #TechGifts #TechInnovation #MetaAI #Wearables #AI,2025-12-13 14:00:05,259,30.0,0.36666666666666664,0.06666666666666667,0.16666666666666666,0.03333333333333333,0.36666666666666664,0.09090909090909091,0.2,0.36666666666666664,0.4666666666666667,High,Harmful,1.5,toxic/burnout>=15%;negative>=30%;critical_hostile>=25%,High,Harmful,1.5,toxic/burnout>=15%;negative>=30%;critical_hostile>=25%,0.36666666666666664,0.09090909090909091,0.2,0.36666666666666664,0.4666666666666667
https://www.linkedin.com/posts/meta_metacareers-richlandparish-datacenter-activity-7404897786942390273-ePqZ,"Inside the Meta Richland Parish Data Center: Meet our Campus Facility Director ğŸ‘‹ Micah Petty leads the team supporting our largest Meta data center to date in Richland Parish, Louisiana, a data center that will play a vital role in accelerating our AI progress, delivering over 2 gigawatts of compute capacity to train future open source large language models. Micah shares his experience and why this is a transformative time to join the team. ğŸ¤” Whatâ€™s it like to work at the Richland Parish Data Center? â€œLaunching and running the Richland Parish Data Center means building the infrastructure that enables Meta Technologies to reach billions of people. We deliver secure, scalable infrastructure, and match 100% of the Richland Parish Data Center electricity use with clean and renewable energy. Our work is making a real impact for billions.â€ ğŸš€ Why is now an exciting time to join the Richland Parish Data Center team? â€œWeâ€™re at the beginning of something big, building a data center of this scale from the ground up is a rare opportunity. Richland Parish is set to be one of the largest and most advanced data center campuses in the world. Whatâ€™s exciting is that youâ€™re not just following a playbook, youâ€™re helping to write it. The team is building best practices, creating a collaborative culture, and setting new standards for our industry. If you want to be part of a project that will make an impact for years to come, and youâ€™re ready to make a difference, thereâ€™s no better time to join us!â€ ğŸ¡ What makes Richland Parish a great place to live and work? â€œRichland Parish is the ideal spot for our data center team, combining a strategic location, affordability, and a welcoming community. With easy commutes, a low cost of living, access to quality housing and a vibrant local food scene with highly rated restaurants, youâ€™ll find both financial freedom and a true sense of belonging. The areaâ€™s strong sense of community, educational resources, and abundant outdoor activities make work-life balance and career growth a reality. Here, professional success and personal fulfillment go hand in hand.â€ Micahâ€™s journey to Meta spans 25 years in critical facilities, drawn by the challenge and excitement of hyperscale data centers: â€œEvery day, I get to work with talented people and the latest technology, AI-optimized buildings, advanced cooling systems, high-density GPU clusters. What stands out most is our teamâ€™s energy and spirit. We take our jobs seriously, but we have fun at work!â€ â­We are hiring subject matter experts! Controls Subject Matter Expert: https://lnkd.in/gfM5zvSB Mechanical Subject Matter Expert: https://lnkd.in/gUfv-Zpm Electrical Subject Matter Expert: https://lnkd.in/gA2YmN8D ğŸ”— Save this link for current and future job opportunities as we continue to grow. https://lnkd.in/g_uFVA9m #MetaCareers #RichlandParish #DataCenter",2025-12-11 16:00:08,174,22.0,0.45454545454545453,0.13636363636363635,0.18181818181818182,0.045454545454545456,0.045454545454545456,0.0,0.0,0.045454545454545456,0.9090909090909091,Low,Helpful,0.0,supportive signal,Low,Helpful,0.0,supportive signal,0.045454545454545456,0.0,0.0,0.045454545454545456,0.9090909090909091
https://www.linkedin.com/posts/meta_charting-the-next-frontier-with-ai-andrew-activity-7405245050462433280-SLT7,"2025 has been a transformative year, with AI accelerating a decade-long exploration into the future of computing. We are seeing the platform of the future finally come into focus, driven by key advancements that bridge the digital and physical worlds. â¡ï¸ Read Meta CTO and Head of Reality Labs Andrew Bosworth's reflections on the technologies that came to life this year and how they shape our ambitions for 2026 ğŸš€: https://lnkd.in/gtGAG_-D #AI #MixedReality #TechInnovation #Metaverse #Wearables",2025-12-12 15:00:02,1236,30.0,0.3333333333333333,0.06666666666666667,0.13333333333333333,0.03333333333333333,0.3333333333333333,0.1,0.1,0.3333333333333333,0.5666666666666667,High,Harmful,1.5,negative>=30%;critical_hostile>=25%,High,Harmful,1.5,negative>=30%;critical_hostile>=25%,0.3333333333333333,0.1,0.1,0.3333333333333333,0.5666666666666667
https://www.linkedin.com/posts/meta_engineering-ai-adtech-activity-7402700924953235456-AS1z,"Generative Ads Recommendation Model (GEM) challenged us to think bigger about data, AI, training infra and teamwork. Meet the team that made it happen and see the lessons they took away from building the largest ads foundation model in the industry. ğŸ”¹ Learn more. â†“ #Engineering #AI #AdTech #AIscale #Advertising #MachineLearning #ScalingAI",2025-12-05 14:30:36,357,30.0,0.3333333333333333,0.06666666666666667,0.13333333333333333,0.03333333333333333,0.3333333333333333,0.4,0.03333333333333333,0.3333333333333333,0.6,High,Harmful,1.5,neg_tech>=20%;negative>=30%;critical_hostile>=25%,High,Harmful,1.5,neg_tech>=20%;negative>=30%;critical_hostile>=25%,0.3333333333333333,0.4,0.03333333333333333,0.3333333333333333,0.6
https://www.linkedin.com/posts/meta_as-we-move-through-this-season-of-thanks-activity-7399431746347417600-kSbf,"As we move through this season of thanks, who is someone on your team that youâ€™re thankful for? ğŸ§¡",2025-11-26 14:00:03,117,30.0,0.2,0.1,0.1,0.03333333333333333,0.5666666666666667,0.5,0.4666666666666667,0.5666666666666667,0.26666666666666666,High,Harmful,1.5,neg_tech>=20%;toxic/burnout>=15%;negative>=30%;critical_hostile>=25%,High,Harmful,1.5,neg_tech>=20%;toxic/burnout>=15%;negative>=30%;critical_hostile>=25%,0.5666666666666667,0.5,0.4666666666666667,0.5666666666666667,0.26666666666666666
https://www.linkedin.com/posts/meta_2025-ai-at-meta-hackathon-activity-7399099607063887872-1GAv,"A look inside our first university #AIatMetaHackathon ğŸ¤© We welcomed 50 software engineering students to Meta HQ for three days of hands-on AI innovation, collaboration, and learning. Hackathons are a huge part of Meta culture, and thereâ€™s no better way to highlight AI at Meta than by inviting students to engage live with our technology firsthand. Event highlights: ğŸ’» Immersive VR projects on Meta Quest 3 using Llama, text-to-speech, and ImageGen ğŸ¤ Insights from Mat Velloso, VP of Product Management, on Metaâ€™s vision for AI ğŸ§‘â€ğŸ’¼ Mentorship from Kirk Barker, Product Manager, Reality Labs ğŸ‘“ Tested the latest Meta AI smart glasses and neural band technology ğŸ® Late-night coding, arcade games, and camaraderie in the #HackerDen Across 11 teams, students brought a range of creative ideas to life from applications supporting health and well-being to tools that enhance everyday experiences with AI. Congrats to our winners: ğŸ†Stage Buddy: Quest app to help users overcome fear of public speaking by simulating a realistic stage environment and virtual audience, while AI provides feedback on tone, pacing, volume, and stability. ğŸ†Meta CompARe: Uses Quest and Llama to provide shoppers with prices, alternatives, and purchase options for any product, eliminating manual search. ğŸ†Locus: Quest tool that enables movie & TV creators to virtually explore real-world locations, instantly generating camera-ready shot ideas and shareable storyboards, saving time and money on traditional location scouting. It was inspiring to witness how todayâ€™s students are already building the future of AI technologies in just one weekend. Weâ€™re excited to see how their creativity and drive will continue to pave the way for advancements in AI throughout their careers! Learn more about future opportunities for students and grads here: https://lnkd.in/dC8xmrcG #MetaCareers #LifeatMeta #AIatMeta",2025-11-25 16:00:14,534,30.0,0.43333333333333335,0.13333333333333333,0.13333333333333333,0.0,0.3,0.23076923076923078,0.0,0.3,0.7,High,Harmful,1.5,neg_tech>=20%;negative>=30%;critical_hostile>=25%,High,Harmful,1.5,neg_tech>=20%;negative>=30%;critical_hostile>=25%,0.3,0.23076923076923078,0.0,0.3,0.7
https://www.linkedin.com/posts/meta_neurips2025-metacareers-neurips-activity-7401273886618857472-ZQxk,"â˜€ï¸ Weâ€™re heading to #NeurIPS2025 in San Diego â˜€ï¸ Visit us at booth #1223 to connect with Meta researchers, engineers, and recruiters. Throughout the conference, our booth will be the hub for thought leadership sessions and live demos. Get hands-on with innovations like Meta Ray-Ban Display and DINO V3, and join our experts for engaging talks. ğŸ—£ï¸ Hereâ€™s whatâ€™s on the schedule: ğŸ—“ï¸ Tuesday, Dec 2 â—† The Magic Behind the Lens: Ray-Ban Meta 1 PM & 2 PM | Kaushik Patnaik â—† Letâ€™s Take it A Click Deeper: DINO 3 PM & 4 PM | JosÃ©phine Raugel ğŸ—“ï¸ Wednesday, Dec 3 â—† Letâ€™s Take it A Click Deeper: Universal Models for Atoms (UMA) 10 AM & 11 AM | Daniel Levine, Brandon Wood, and Ray G. â—† Scaling Self-Supervised Models: Insights from Joint Embedding Predictive Architecture (JEPA) 12 PM & 1 PM | Randall Balestriero and Koustuv Sinha â—†Letâ€™s Take it a Click Deeper: SAM 3D Objects & Body 1:30 PM & 2:30 PM | Kevin Liang, Jinkun Cao and Weiyao Wang â—† Letâ€™s Take it A Click Deeper: Omnilingual ASR 3 PM & 4 PM | Gil Keren ğŸ—“ï¸ Thursday, Dec 4 â—† AI Career Journeys: Insights from a Meta Research Scientist 10 AM & 11 AM | Ali Reiff, Adderlyn Lora and Jamelle Watson-Daniels â—† Letâ€™s Take it A Click Deeper: SAM3 12PM & 1 PM | Kate Saenko â—† Collective Governance for LLMs: The Community Alignment Dataset 2 PM & 3PM | Claudia Shi and Jack Kussman â—† Letâ€™s Take it a Click Deeper: SAM 3D Objects & Body 3:40 PM & 4:30 PM | Kevin Liang, Jinkun Cao, Weiyao Wang Weâ€™re hiring! If youâ€™re passionate about advancing AI and want to help build the future, check out some of our open opportunities and join us in building the future of technology: Full time roles: ğŸ‘‰ Research Scientist, Machine Learning (PhD) https://lnkd.in/gXCq2dAk ğŸ‘‰ Research Engineer, Conversational AI - Reality Labs https://lnkd.in/gD2BuvGx Internships: ğŸ‘‰ Research Scientist Intern PhD, Applied Research https://lnkd.in/gCb3cmuM ğŸ‘‰ Research Scientist Intern, Multimodal Generative AI and Robotics (PhD) https://lnkd.in/gUWrZuCy #MetaCareers #NeurIPS #AIResearch #MachineLearning #MetaAI",2025-12-01 16:00:03,422,30.0,0.43333333333333335,0.1,0.06666666666666667,0.06666666666666667,0.3,0.15384615384615385,0.06666666666666667,0.3,0.43333333333333335,High,Harmful,1.5,negative>=30%;critical_hostile>=25%,High,Harmful,1.5,negative>=30%;critical_hostile>=25%,0.3,0.15384615384615385,0.06666666666666667,0.3,0.43333333333333335
https://www.linkedin.com/posts/meta_techforgood-accessibility-inclusion-activity-7400888880482283520-O89_,"Our AI glasses are built with cutting-edge, wearable technology that helps people with disabilities navigate their daily lives. â¡ï¸ Learn how advanced wearable technology to empower people with disabilities: https://lnkd.in/gZ7FBSci #TechForGood #Accessibility #Inclusion #AI",2025-11-30 14:30:10,287,30.0,0.3333333333333333,0.06666666666666667,0.03333333333333333,0.03333333333333333,0.16666666666666666,0.3,0.0,0.16666666666666666,0.6666666666666666,High,Harmful,1.5,neg_tech>=20%,High,Harmful,1.5,neg_tech>=20%,0.16666666666666666,0.3,0.0,0.16666666666666666,0.6666666666666666
https://www.linkedin.com/posts/meta_set-the-tone-for-the-week-ahead-with-purpose-activity-7396177973927690240-Al0V,"Set the tone for the week ahead with purpose and passion â€” make a plan, take action, and watch your efforts pay off. ğŸ“ âœ…",2025-11-17 14:30:43,214,30.0,0.4666666666666667,0.3,0.26666666666666666,0.0,0.4,0.5,0.0,0.4,0.4666666666666667,High,Harmful,1.5,neg_tech>=20%;negative>=30%;critical_hostile>=25%,High,Harmful,1.5,neg_tech>=20%;negative>=30%;critical_hostile>=25%,0.4,0.5,0.0,0.4,0.4666666666666667
https://www.linkedin.com/posts/meta_worldgen-text-to-immersive-3d-worlds-activity-7404157905824067584-stOc,"Introducing WorldGen, new research that can generate walkable 3D worlds from simple text prompts like â€œmedieval village town square.â€ Led by director of AI research Rakesh R and product manager Mahima Gupta, this Reality Labs team is hard at work cracking 3D generation challenges. Learn more: â¡ï¸ https://lnkd.in/g2bmuDJ9 #TechInnovation #AI #MetaCareers #LifeatMeta",2025-12-09 15:00:07,1732,30.0,0.3333333333333333,0.06666666666666667,0.23333333333333334,0.03333333333333333,0.03333333333333333,0.0,0.0,0.03333333333333333,0.8333333333333334,Low,Helpful,0.0,supportive signal,Low,Helpful,0.0,supportive signal,0.03333333333333333,0.0,0.0,0.03333333333333333,0.8333333333333334
https://www.linkedin.com/posts/meta_meet-kelly-ingham-vp-of-wearables-partnerships-activity-7403795538200174592-dO4g,"Meet Kelly Ingham, VP of Wearables Partnerships. She leads partnerships across our wearable devices, including the Oakley Meta Vanguard Performance AI glasses announced at Connect. ğŸ‘“ When sheâ€™s off the clock, sheâ€™s testing them in the wild â€” running marathons, wakeboarding, and horseback riding. Learn more about our wearables team: https://lnkd.in/gPeu-_Pm #LifeatMeta #TechInnovation #Wearables #AI",2025-12-08 15:00:12,278,30.0,0.6333333333333333,0.2,0.03333333333333333,0.03333333333333333,0.16666666666666666,0.10526315789473684,0.13333333333333333,0.16666666666666666,0.7666666666666667,Medium,Harmless,1.0,mixed/neutral,Medium,Harmless,1.0,mixed/neutral,0.16666666666666666,0.10526315789473684,0.13333333333333333,0.16666666666666666,0.7666666666666667
https://www.linkedin.com/posts/meta_behind-the-scenes-at-our-meta-tech-summit-activity-7402063515945275392-4rmN,"Tech summits at Meta are a core part of how employees come together to explore bold new ideas and our latest engineering innovations. Through immersive demos and AI-first experiences, we showcased work from Reality Labs Wearables and WhatsApp to Meta Superintelligence Labs, Central Products and beyond. See how we level up our skills and innovate! Interested in careers at Meta? Click here: https://lnkd.in/gZkvWSDb #LifeatMeta #Engineering #AI",2025-12-03 20:17:45,775,30.0,0.4,0.1,0.13333333333333333,0.06666666666666667,0.23333333333333334,0.16666666666666666,0.13333333333333333,0.23333333333333334,0.7333333333333333,Medium,Harmless,1.0,mixed/neutral,Medium,Harmless,1.0,mixed/neutral,0.23333333333333334,0.16666666666666666,0.13333333333333333,0.23333333333333334,0.7333333333333333
https://www.linkedin.com/posts/meta_2025-phd-forum-meta-careers-activity-7401636278896943104-ocR1,"ğŸ“ Highlights from the first annual PhD Forum at Meta! We invited 80 PhD students from around the world to Meta headquarters in Menlo Park for an exclusive experience to explore cutting-edge ideas and technologies. The event fostered connection with future research and engineering leaders and teams from the core engineering pillars at Meta while exploring cutting-edge ideas in machine learning, systems, and infrastructure. ğŸ”¥Event highlights: âœ¦ Our opening fireside chat with Lars Backstrom, VP of Engineering and Nam Nguyen, Head of Engineering, Instagram, focused on the future of tech and research at Meta, the value of academic research and more âœ¦ Talks with leaders in core engineering pillars at Meta â€”Facebook, Infra, Monetization, Modern Recommendation Systems, Instagram, and Threads âœ¦ Technical sessions and poster presentations featuring innovative research from both PhD students and Meta engineers ğŸ¤ Thank you to all those who attended and connected with us! Weâ€™ll be back with another PhD Forum next fall. Stay tuned and check your inbox for more information. Interested in advancing your research career? Learn more about the PhD and Accelerate Eng Talent programs: Research Programs ğŸ‘‰https://lnkd.in/g9BB73ae Accelerate Eng Talent Program ğŸ‘‰https://lnkd.in/gDCMCjZx #MetaCareers #LifeatMeta #MetaPhDForum",2025-12-02 16:00:04,487,30.0,0.23333333333333334,0.1,0.16666666666666666,0.1,0.5333333333333333,0.5714285714285714,0.16666666666666666,0.5333333333333333,0.4,High,Harmful,1.5,neg_tech>=20%;toxic/burnout>=15%;negative>=30%;critical_hostile>=25%,High,Harmful,1.5,neg_tech>=20%;toxic/burnout>=15%;negative>=30%;critical_hostile>=25%,0.5333333333333333,0.5714285714285714,0.16666666666666666,0.5333333333333333,0.4
https://www.linkedin.com/posts/meta_ama-activity-7399232873381343232-LKfz,"#AMA Meet Ming Hua, VP of Wearables Devices! ğŸ•¶ï¸ ğŸ¤” Want to learn what it is like to build Metaâ€™s AI glasses and how she navigated her career to lead in this new field? Sheâ€™s ready to answer your questions about leveling up your skills, making bold career moves, and actively shaping your career. Drop your questions here! â¬‡ï¸",2025-11-26 00:49:48,462,30.0,0.4,0.1,0.1,0.03333333333333333,0.2,0.08333333333333333,0.2,0.2,0.6333333333333333,High,Harmful,1.5,toxic/burnout>=15%,High,Harmful,1.5,toxic/burnout>=15%,0.2,0.08333333333333333,0.2,0.2,0.6333333333333333
https://www.linkedin.com/posts/meta_meta-aws-reinvent-2025-activity-7399590527442153472-LGQa,"Looking to elevate your customer engagement strategy? Start with messaging that drives measurable impact. Visit us at Booth #875 to explore whatâ€™s new with WhatsApp on AWS at AWS re:Invent 2025. â€¢ Messaging types for every need: marketing, utility, authentication, and service â€¢ How leading brands are using WhatsApp to boost engagement â€¢ Hands-on walkthroughs of activation and serverless workflows â€¢ How AWS and Meta simplify secure onboarding and performance at scale #AWSreInvent #AI #cloud #AgenticAI",2025-11-27 00:30:59,77,13.0,0.38461538461538464,0.23076923076923078,0.07692307692307693,0.23076923076923078,0.7692307692307693,0.6,0.6153846153846154,0.7692307692307693,0.15384615384615385,High,Harmful,1.5,neg_tech>=20%;toxic/burnout>=15%;negative>=30%;critical_hostile>=25%,High,Harmful,1.5,neg_tech>=20%;toxic/burnout>=15%;negative>=30%;critical_hostile>=25%,0.7692307692307693,0.6,0.6153846153846154,0.7692307692307693,0.15384615384615385
https://www.linkedin.com/posts/meta_life-at-meta-meet-giri-prasanna-m-building-activity-7398714518954106881-Z6h2,"When youâ€™re at the forefront of AI, no two days are alike. Ask Giri Prasanna M, ASIC Engineer, Architecture â€” heâ€™ll tell you the atmosphere on the Infrastructure team at Meta promotes creative thinking and open feedback, giving every engineer a voice and inspiring ideas that fuel tomorrowâ€™s solutions. ""It feels like you are riding the wave of AI...it really makes me feel fulfilled."" Ready to join the journey? Explore these roles: ğŸ”¹ ASIC Architecture, Kernel Development: https://lnkd.in/gaVFxTXA ğŸ”¹ ASIC Engineer, Performance & Package Verification: https://lnkd.in/g3xfnTCe â¡ï¸ Looking for your next big challenge? Discover more opportunities and join our team of innovators. https://lnkd.in/gXAnEMZu #MetaCareers #LifeAtMeta #Infrastructure #AI #Engineering #techcareer",2025-11-24 14:30:02,613,30.0,0.5,0.1,0.2,0.03333333333333333,0.26666666666666666,0.26666666666666666,0.26666666666666666,0.26666666666666666,0.7,High,Harmful,1.5,neg_tech>=20%;toxic/burnout>=15%;critical_hostile>=25%,High,Harmful,1.5,neg_tech>=20%;toxic/burnout>=15%;critical_hostile>=25%,0.26666666666666666,0.26666666666666666,0.26666666666666666,0.26666666666666666,0.7
https://www.linkedin.com/posts/meta_meta-tech-podcast-80-lowering-emissions-activity-7397698414232129536-p190,"â€œGrowth is inevitable, especially for AI. So given that we know weâ€™re going to grow our AI footprint at Meta, how can we ensure the environmental impacts are minimal? My team contributes to multiple projects â€” from mineral extraction to software efficiency â€” to ensure weâ€™re reducing our carbon footprint across the full AI value chain.â€ â€“ Lisa Rivalin, Ph.D., Lead Engineer for Hardware Sustainability, AI Fleet and Hardware Lifecycle The Open Compute Project (OCP) has come a long way since Meta helped launch it in 2011. What began as an initiative to open source custom Meta technology designs and improve global data center efficiency has grown into a vibrant community rethinking how hardware should be built to meet growing compute demands. For Lisa Rivalin and Dharmesh Jani (DJ), the opportunity to contribute to OCP and shape technology used across the industry was a major reason why they joined Meta. ğŸ§ Tune in to episode 80 of the Meta Tech Podcast to learn how Lisa, DJ and their team are using OCP to advance AI sustainability and push the boundaries of hardware innovation: https://lnkd.in/gZff_MAy #LifeAtMeta #MetaCareers #AI #Sustainability Pascal Hartig",2025-11-21 19:12:24,247,30.0,0.26666666666666666,0.03333333333333333,0.23333333333333334,0.03333333333333333,0.2,0.25,0.06666666666666667,0.2,0.8,High,Harmful,1.5,neg_tech>=20%,High,Harmful,1.5,neg_tech>=20%,0.2,0.25,0.06666666666666667,0.2,0.8
https://www.linkedin.com/posts/meta_a-behind-the-scenes-look-at-live-translation-activity-7397354518641979392-VLPy,"It takes more than clever code to break language barriers. Our team brought live translation to Metaâ€™s AI glasses by never losing sight of real conversations â€” family dinners, travel chat, and those moments when you need to be understood. ğŸ‘“ ğŸ—£ï¸ Curious how we did it? Get to know the people who made it happen â€” Ashish Garg, Amy Yiming Pu, Baiyang Liu, Fei Wang, Emerson Qin, and Nishank Gupta. â¡ï¸ Learn more: https://lnkd.in/d-GPYdB9 #TechInnovation #MetaAI #Wearables #AI #MetaCareers #LifeatMeta",2025-11-20 20:25:53,281,30.0,0.36666666666666664,0.0,0.16666666666666666,0.03333333333333333,0.06666666666666667,0.09090909090909091,0.03333333333333333,0.06666666666666667,0.8,Low,Helpful,0.0,supportive signal,Low,Helpful,0.0,supportive signal,0.06666666666666667,0.09090909090909091,0.03333333333333333,0.06666666666666667,0.8
https://www.linkedin.com/posts/meta_announcing-the-completion-of-the-core-2africa-activity-7396587595620638720-BLJQ,"Today, we announce the completion of the core 2Africa subsea cable system â€” the longest open-access subsea cable in the world at 45,000 km. Connecting over 3 billion people across 33 countries in Africa, Asia, and Europe, 2Africa represents a leap forward in global connectivity. ğŸŒ Key highlights include: ğŸ”¹ 180 Tbps trunk capacity for high-bandwidth, low-latency digital services ğŸ”¹ Designed to boost Africaâ€™s GDP by up to $36.9 billion within the first two to three years of operation ğŸ”¹ Engineered resiliency featuring 50% deeper burial, optimized routing, and dual trunk powering ğŸ”¹ Advanced spatial division multiplexing (SDM) technology with up to 16 fiber pairs per cable, doubling capacity By delivering robust connectivity, 2Africa is designed to pave the way for next-gen applications such as AI, cloud, and 5G with future-proof scalability. Learn more: https://lnkd.in/gY68ERxR #Infrastructure #AI",2025-11-18 17:38:24,1150,30.0,0.3333333333333333,0.06666666666666667,0.3,0.03333333333333333,0.06666666666666667,0.1,0.0,0.06666666666666667,0.8333333333333334,Low,Helpful,0.0,supportive signal,Low,Helpful,0.0,supportive signal,0.06666666666666667,0.1,0.0,0.06666666666666667,0.8333333333333334
https://www.linkedin.com/posts/meta_datacenter-infrastructure-engineering-activity-7397989740911869952-0dNt,"Hello, Beaver Dam! ğŸŒ ğŸ‘‹ We are proud to announce that Beaver Dam, Wisconsin, will be home to our next state-of-the-art data center â€” the 26th in the United States and 30th in the world! ! This is next-generation infrastructure â€“ a $1B investment in Wisconsin â€“ that supports AI and local growth. We look forward to continuing to deliver technology solutions that help connect billions of people around the world. â¡ï¸ Learn more: https://lnkd.in/gzCn29vb #DataCenter #Infrastructure #Engineering #AI",2025-11-22 14:30:02,957,30.0,0.4,0.1,0.2,0.0,0.13333333333333333,0.16666666666666666,0.0,0.13333333333333333,0.6666666666666666,Medium,Harmless,1.0,mixed/neutral,Medium,Harmless,1.0,mixed/neutral,0.13333333333333333,0.16666666666666666,0.0,0.13333333333333333,0.6666666666666666
https://www.linkedin.com/posts/meta_lifeatmeta-metacareers-menlopark-activity-7395445512654684160-l5VZ,"Build your career at Metaâ€™s MPK 22 office in Menlo Park ğŸŒ³ Experience a buzzing, high-energy environment between meetings and meals, with teams collaborating across a vibrant campus that puts art, nature, and connection at the heart of your workday. âœ… A friendly atmosphere that feels smaller than it is âœ… Treat yourself to a tasty treat from Sugar Works ğŸªğŸ§ âœ… Skip the traffic! Our transportation hub and shuttles make getting to the office and Meta campuses effortless âœ… Iconic, sustainable campus design by Frank Gehry â€” complete with sky bridges and green spaces âœ… Huge opportunities to grow with teams hiring in Generative AI, Discovery Engine, Metaverse and Wearables, Monetization, Integrity and Support, Capacity and more â¡ï¸ Explore open roles: https://lnkd.in/gwwvNQ4t #LifeAtMeta #MetaCareers #MenloPark #WeAreHiring #techcareers #AI",2025-11-15 14:00:10,1107,30.0,0.5333333333333333,0.1,0.16666666666666666,0.0,0.1,0.0625,0.03333333333333333,0.1,0.6666666666666666,Low,Helpful,0.0,supportive signal,Low,Helpful,0.0,supportive signal,0.1,0.0625,0.03333333333333333,0.1,0.6666666666666666
https://www.linkedin.com/posts/meta_metacareers-networkengineering-networkproductionengineer-activity-7391852761878970368-lvR2,"ğŸŒŸApplications are open for the Rotational Network Engineer Program at Meta ğŸŒŸ ğŸ¤” What is the Rotational Network Engineer program? This program is designed to support newly hired Network Production Engineers at Meta by exposing you to our systems and tools via real-life work in the Production environment. You will receive formal onboarding, cross-team training, and mentorship from experienced engineers at Meta. As a Rotational Network Engineer you will: âœ… Gain comprehensive experience âœ… Design and manage complex networks âœ… Develop optimized monitoring systems âœ… Architect and deploy new networks âœ… Automate network event management âœ… Ensure infrastructure consistency ğŸ§‘â€ğŸ’»Who can apply? The program is designed for recent graduates of technical studies, or those with less than two years of industry experience. Hear how participating in the Rotational Network Engineer Program shaped Mira S.â€™s early careerğŸ‘‡ ""As a Network Production Engineer, I gained invaluable, cutting-edge knowledge and exposure that has been a significant asset to my career. Working across diverse network topologies in Metaâ€™s datacenters at Meta greatly improved my networking skills. Furthermore, I significantly developed my coding expertise, allowing me to work efficiently across various services and architectures."" - Mira S., Network Production Engineer ğŸ‘‰ Learn more about the program here: https://lnkd.in/gnU7fzmf Are you ready to launch your career in network production engineering at Meta? Apply today! ğŸ”— North America application: https://lnkd.in/g66x-aU9 ğŸ”— EMEA application: https://lnkd.in/gzhishh2 #MetaCareers #NetworkEngineering #NetworkProductionEngineer #LifeatMeta",2025-11-05 16:03:52,334,30.0,0.4666666666666667,0.13333333333333333,0.06666666666666667,0.0,0.23333333333333334,0.2857142857142857,0.03333333333333333,0.23333333333333334,0.7,High,Harmful,1.5,neg_tech>=20%,High,Harmful,1.5,neg_tech>=20%,0.23333333333333334,0.2857142857142857,0.03333333333333333,0.23333333333333334,0.7
https://www.linkedin.com/posts/aiatmeta_introducing-sam-3-sam-3d-ugcPost-7396944913751465985-m5Nc,"Today weâ€™re excited to unveil a new generation of Segment Anything Models: 1ï¸âƒ£ SAM 3 enables detecting, segmenting and tracking of objects across images and videos, now with short text phrases and exemplar prompts. ğŸ”— Learn more about SAM 3: https://go.meta.me/699549 2ï¸âƒ£ SAM 3D brings the model collection into the 3rd dimension to enable precise reconstruction of 3D objects and people from a single 2D image. ğŸ”— Learn more about SAM 3D: https://go.meta.me/40d7ab These models offer innovative capabilities and unique tools for developers and researchers to create, experiment and uplevel media workflows.",2025-11-20 05:50:03,2921,30.0,0.5,0.0,0.23333333333333334,0.0,0.1,0.06666666666666667,0.06666666666666667,0.1,0.6666666666666666,Low,Helpful,0.0,supportive signal,Low,Helpful,0.0,supportive signal,0.1,0.06666666666666667,0.06666666666666667,0.1,0.6666666666666666
https://www.linkedin.com/posts/meta_afrotech-metacareers-lifeatmeta-activity-7387928536843522048-bEOQ,"At Meta, our engineers are driving innovation through collaboration and continuous learning. Ahead of #AfroTech 2025, we asked four Meta engineers to reflect on how upskilling has shaped their careers. From network design to data storytelling to hands-on experimentation, their lessons are a reminder that growth happens at every level. Dive into their stories: https://lnkd.in/g_b_Ccck #MetaCareers #LifeAtMeta #AI #Engineering #Upskilling Shikirah J. Pelham C. Akintunde S. Siji M.",2025-10-25 21:10:24,338,30.0,0.3,0.13333333333333333,0.2,0.0,0.7666666666666667,0.7777777777777778,0.7,0.7666666666666667,0.23333333333333334,High,Harmful,1.5,neg_tech>=20%;toxic/burnout>=15%;negative>=30%;critical_hostile>=25%,High,Harmful,1.5,neg_tech>=20%;toxic/burnout>=15%;negative>=30%;critical_hostile>=25%,0.7666666666666667,0.7777777777777778,0.7,0.7666666666666667,0.23333333333333334
https://www.linkedin.com/posts/meta_metacareers-interviewing-softwareengineering-activity-7386046074240737280-wnwA,"ğŸ’» Embracing AI-enabled coding interviews at Meta! We are excited to announce we are piloting a new, AI-enabled software engineer coding interview to reflect the evolving role of software engineers and how the job is changing. As a tech company, our engineers use AI coding assistants in their day-to-day work to solve complex, real-world problems, so itâ€™s important that our interviews reflect our current and evolving working environment. ğŸ¤” What does this mean for candidates? If youâ€™re part of the pilot group, you are encouraged to leverage authorized AI tools during your coding interview. Itâ€™s not â€œcheating,â€ itâ€™s how the job is evolving. This approach allows you to brainstorm, iterate and solve problems in a way thatâ€™s closer to real-world engineering at Meta. Hear from our engineers working on this pilot ğŸ‘‡ ""I'm super excited for the AI-enabled coding interview; this new format enables engineers to actually execute their code, dive deeper into real practical problems, and lets candidates leverage AI to brainstorm and iterate."" - Peter C., Software Engineer, Threads Product Team â€œAI has fundamentally changed the way software is developed, bringing more challenging tasks within reach of each engineer. Metaâ€™s AI-first vision requires that we leverage the unbridled power of the AI-assisted engineering mind, which we would like to witness in our coding interview. Our modernized AI-enabled coding interview is a better representation of our work and of our mission as we build into the bold future. - Nicholas O., Software Engineer, Programming Languages and Runtimes Team At Meta, we are always evolving and adopting new technologies to empower our teams. We apply this same mentality to our recruiting experience, and we want to equip you with the tools you need to succeed while interviewing with us! ğŸ”— Learn more about our hiring process and what to expect with AI-enabled coding interviews here: https://lnkd.in/gvjhJbkK #MetaCareers #Interviewing #SoftwareEngineering",2025-10-20 16:30:10,823,30.0,0.6666666666666666,0.13333333333333333,0.03333333333333333,0.0,0.16666666666666666,0.05,0.06666666666666667,0.13333333333333333,0.8333333333333334,Medium,Harmless,1.0,mixed/neutral,Medium,Harmless,1.0,mixed/neutral,0.16666666666666666,0.05,0.06666666666666667,0.13333333333333333,0.8333333333333334
https://www.linkedin.com/posts/meta_datacenter-infrastructure-engineering-activity-7384609408263159808-CfGd,"We are proud to announce that El Paso, Texas, will be home to our next state-of-the-art data center, designed to scale to 1GW. ğŸŒ This $1.5B investment will be optimized for our AI workloads as part of the highly advanced infrastructure that helps connect billions of people around the world. â¡ï¸ Learn more: https://lnkd.in/dmwzMhVB #DataCenter #Infrastructure #Engineering #AI",2025-10-16 17:21:22,2160,30.0,0.5,0.06666666666666667,0.2,0.0,0.2,0.26666666666666666,0.13333333333333333,0.16666666666666666,0.6333333333333333,High,Harmful,1.5,neg_tech>=20%,High,Harmful,1.5,neg_tech>=20%,0.2,0.26666666666666666,0.13333333333333333,0.16666666666666666,0.6333333333333333
https://www.linkedin.com/posts/meta_lifeatmeta-metacareers-careergrowth-activity-7384211487977820160-MnNv,"â€œDuring my time at Meta, I've always found aspirational teammates whoâ€™ve made seemingly impossible career changes. They motivate me not to put a ceiling on my professional growth or opportunities within the company."" â€“ Raul R., Product Marketing Manager While working at Meta, Raul has grown from recruiting to product operations and now to his current role as a product marketing manager on the business messaging team. He loves the pace of his work and the growth that comes along with it. â€œThere isnâ€™t a day when things arenâ€™t moving at lightning speed. I still find myself constantly challenged by teammates in the best way. Itâ€™s helped me grow professionally and personally.â€ #LifeAtMeta #MetaCareers #CareerGrowth",2025-10-15 15:00:10,336,30.0,0.23333333333333334,0.06666666666666667,0.1,0.1,0.43333333333333335,0.42857142857142855,0.23333333333333334,0.43333333333333335,0.5666666666666667,High,Harmful,1.5,neg_tech>=20%;toxic/burnout>=15%;negative>=30%;critical_hostile>=25%,High,Harmful,1.5,neg_tech>=20%;toxic/burnout>=15%;negative>=30%;critical_hostile>=25%,0.43333333333333335,0.42857142857142855,0.23333333333333334,0.43333333333333335,0.5666666666666667
https://www.linkedin.com/posts/meta_infrastructure-datacenters-techleadership-activity-7382388191758086144-AZKf,"Every day, 3.4 billion people connect on Meta apps, driving the need for unmatched infrastructure innovation across every layer of our stack. To achieve this scale, we built: ğŸ–¥ï¸ Specialized Silicon: Introducing MTIA, a purpose-built silicon optimized for Metaâ€™s unique ranking and recommendation AI workloads. ğŸŒ AI Superclusters: From 4,000 to a groundbreaking 100k+ GPU cluster pushing synchronous parallelism limits âš¡ Multi-Gigawatt Data Centers: Prometheus and Hyperion, ushering in a new era of energy-efficient hyperscale AI ğŸ› ï¸ Engineering Reliability: Advanced AI algorithms now monitor thermal and power subsystems in real time to optimize uptime and reduce costly failures. Our infrastructure journey reflects the deep commitment and collaboration of thousands of engineers worldwide, driving AI innovation that will power tomorrowâ€™s digital experiences. â¡ï¸ https://lnkd.in/gvwFbnEk #Infrastructure #DataCenters #TechLeadership #Engineering #NextGenAI",2025-10-10 14:15:03,1021,30.0,0.3333333333333333,0.0,0.23333333333333334,0.0,0.06666666666666667,0.0,0.06666666666666667,0.06666666666666667,0.8333333333333334,Low,Helpful,0.0,supportive signal,Low,Helpful,0.0,supportive signal,0.06666666666666667,0.0,0.06666666666666667,0.06666666666666667,0.8333333333333334
https://www.linkedin.com/posts/meta_climateweeknyc-climateweeknyc-lifeatmeta-activity-7380210088759812096-_bPq,"At Meta, we know real progress happens when we work together. During #ClimateWeekNYC 2025, we brought together global partners for a series of panels and a fireside chat, sparking important conversations and new collaborations for a more sustainable future. Hereâ€™s what we focused on: ğŸŒ± Restoring nature through innovative, collaborative practices ğŸ“Š Decarbonizing digital advertising with better emissions data ğŸ’§ Innovating for a water-resilient future by making water stewardship a strategic advantage ğŸ›œ Reshaping how Gen Z engages with news and participates in social change By bringing together leaders from diverse sectors, weâ€™re accelerating the ideas, tools, and partnerships needed for a more sustainable world. Thank you to everyone who joined us at #ClimateWeekNYC 2025. Letâ€™s keep working together for a better future. â¡ï¸ Check out our 2025 Sustainability Report to learn more about our progress and projects: https://lnkd.in/gEyR8s62 #LifeAtMeta #sustainability",2025-10-04 14:00:02,496,30.0,0.3333333333333333,0.13333333333333333,0.1,0.13333333333333333,0.26666666666666666,0.1,0.0,0.26666666666666666,0.7,High,Harmful,1.5,critical_hostile>=25%,High,Harmful,1.5,critical_hostile>=25%,0.26666666666666666,0.1,0.0,0.26666666666666666,0.7
https://www.linkedin.com/posts/meta_metacareerday-metacareers-campusrecruiting-activity-7379531469200789506-Ojq_,"âœ¨ Fall campus recruiting season is in full swing, and Meta Career Days are back! Weâ€™ve officially kicked off our fall campus season and are feeling energized being back on campus! This season, we will be visiting 20+ colleges and universities and attending 6 tech conferences to connect with the next generation of leaders across the country. We've already met with so many impressive students eager to help build the future of human connection and we canâ€™t wait to meet more of you! ğŸŒŸ Highlights from our campus visits: â–ªï¸Insights on cutting-edge AI and tech innovations at Meta, including our work on personal superintelligence and the evolution of our Llama models â–ªï¸Speaker panels featuring former interns and staff sharing stories of how they have grown their careers at Meta â–ªï¸Hands-on demos with our latest wearables, including Meta Quest and Ray-Ban Meta AI glasses In addition to campus visits, you can also find us at these upcoming conferences: ğŸ“AISES: 10/2 - 10/4 ğŸ“AfroTech: 10/27 - 10/31 ğŸ“SHPE: 10/29 - 11/1 ğŸ“Grace Hopper: 11/4 - 11/7 Weâ€™re just getting started and excited to meet you at our upcoming events! ğŸš€ ğŸ‘‰ Unable to attend an event? Learn more about our opportunities for students and grads: https://lnkd.in/gh5_99he ğŸ‘‰ 2026 summer software engineering internship applications are open now! Apply today: https://lnkd.in/gEZfeCGt #MetaCareerDay #MetaCareers #CampusRecruiting #UniversityRecruiting",2025-10-02 17:03:27,1034,30.0,0.3333333333333333,0.03333333333333333,0.1,0.03333333333333333,0.3,0.4,0.13333333333333333,0.3,0.7,High,Harmful,1.5,neg_tech>=20%;negative>=30%;critical_hostile>=25%,High,Harmful,1.5,neg_tech>=20%;negative>=30%;critical_hostile>=25%,0.3,0.4,0.13333333333333333,0.3,0.7
https://www.linkedin.com/posts/meta_sometimes-saying-no-is-necessary-to-protect-activity-7377743979808768000-jFOH,Sometimes saying no is necessary to protect your focus and manage your energy effectively.,2025-09-27 18:40:36,515,30.0,0.36666666666666664,0.03333333333333333,0.16666666666666666,0.0,0.2,0.18181818181818182,0.1,0.2,0.7666666666666667,Medium,Harmless,1.0,mixed/neutral,Medium,Harmless,1.0,mixed/neutral,0.2,0.18181818181818182,0.1,0.2,0.7666666666666667
https://www.linkedin.com/posts/meta_recap-ai-open-house-in-london-activity-7393663742565105664-iHvr,"ğŸ¥ Recap: AI Open House in London ğŸ‡¬ğŸ‡§ Our EMEA AI Open House series continues! We recently invited AI enthusiasts, researchers, and leaders for an evening of innovation and discovery at our Meta London office. The event provided an in-depth look at the pioneering work of our London teams that are helping drive the future of AI. Highlights from the event: ğŸš€ Leaders shared their optimism about the rapid progress in AI, highlighting Meta as a central force and our wide range of emerging approaches and advancements driving innovation. ğŸ’¡ Attendees learned about scientific breakthroughs enabled by AI, including the transformative impact of large language models and generative AI. ğŸ¤ The event brought together global AI leadership and local researchers, fostering collaboration and inspiring the next generation of innovation. Thank you to everyone who joined us! If you're passionate about driving innovation in AI in London, explore our current openingsğŸ‘‡ https://lnkd.in/g8-g_aWx #MetaLondon #MetaAI #MetaCareers",2025-11-10 16:00:03,840,30.0,0.4666666666666667,0.16666666666666666,0.16666666666666666,0.0,0.03333333333333333,0.07142857142857142,0.03333333333333333,0.03333333333333333,0.9666666666666667,Low,Helpful,0.0,supportive signal,Low,Helpful,0.0,supportive signal,0.03333333333333333,0.07142857142857142,0.03333333333333333,0.03333333333333333,0.9666666666666667
https://www.linkedin.com/posts/meta_metainterns-metacareers-lifeatmeta-activity-7377341223604461568-7gGi,"ğŸŒ Summer Intern Spotlight Series: Meet Rohan J.! ğŸŒ Weâ€™re excited to feature Rohan J., Research Scientist Intern on the MSL Infra PyTorch Team. Rohan's journey highlights the collaborative approach to impactful AI development. ğŸ¤ How Rohan experienced collaboration and innovation at scale: ""I'm impressed by Meta's contributions to the PyTorch ecosystem. It is widely used across industry and academia. With Infra PyTorch, there's a cohesive collaboration between our team, hardware manufacturers, mobile developers and various startups to build the best solution for on-device AI. A lot of development is driven by feedback from open-source users on GitHub and Discord!â€ His story demonstrates how interns at Meta get hands-on experience and exposure to leading efforts and cutting-edge technology that impacts developer ecosystems far and wide. Thank you for following our 2025 intern spotlight series! ğŸ‘‹ Learn more about our internship program: https://lnkd.in/gSXVbJRJ Applications for our 2026 summer Software Engineering Internship are now open. Apply today! https://lnkd.in/gH33eykW #MetaInterns #MetaCareers #LifeAtMeta #PyTorch",2025-09-26 16:00:12,320,27.0,0.4444444444444444,0.07407407407407407,0.037037037037037035,0.0,0.18518518518518517,0.08333333333333333,0.037037037037037035,0.18518518518518517,0.5925925925925926,Medium,Harmless,1.0,mixed/neutral,Medium,Harmless,1.0,mixed/neutral,0.18518518518518517,0.08333333333333333,0.037037037037037035,0.18518518518518517,0.5925925925925926
https://www.linkedin.com/posts/omarbaldonado_ocp2025-opencompute-aiinfrastructure-activity-7384310175710691328-H0sl,"Proud to share Metaâ€™s latest network infrastructure announcements from the 2025 OCP Global Summit! At Meta, we believe that open hardware and collaborative innovation are key to building the next generation of AI-ready data centers. This year, our team has announced: â¡ï¸ The evolution of our Disaggregated Scheduled Fabric (DSF), now supporting building-scale, non-blocking fabrics for large AI clusters. â¡ï¸ Our new Non-Scheduled Fabric (NSF) architecture, leveraging shallow-buffer 51T Ethernet switches to drive lower latency and higher performance for our largest gigawatt-scale clusters. â¡ï¸ The launch of Minipack3N, a 51.2 Tbps switch based on NVIDIA Spectrum-4, and new optics for 400G/800G interconnects. â¡ï¸ Metaâ€™s role as a founding participant in the Ethernet for Scale-Up Networking (ESUN) initiative, working with industry leaders to advance open standards for AI networking. For those at the show, we even gave a sneak peek of our next-generation, liquid-cooled rack full of network switches, aligned to the power density curve of future accelerators - more on that comingâ€¦ These advances are the result of deep cross-team collaboration and a shared commitment to open, scalable, and efficient infrastructure. Iâ€™m grateful to work alongside so many talented engineers and partners â€“ both at Meta, and across the OCP community. ğŸ‘‰ Read the full blog post: https://lnkd.in/g-33_3CZ If youâ€™re passionate about open hardware, AI, and the future of networking, I invite you to join the conversation and help shape what comes next. #OCP2025 #OpenCompute #AIInfrastructure #OpenHardware #Meta",2025-10-16 00:43:54,417,0.0,0.0,0.0,0.0,0.0,0.0,0.0,0.0,0.0,0.0,Medium,Harmless,1.0,mixed/neutral,Medium,Harmless,1.0,mixed/neutral,0.0,0.0,0.0,0.0,0.0
https://www.linkedin.com/posts/meta_i-want-to-bring-you-behind-the-scenes-to-activity-7399182344433225728-nAQm,It's a new chapter in wearable tech. ğŸ•¶ï¸,2025-11-25 21:29:01,450,30.0,0.3333333333333333,0.06666666666666667,0.2,0.1,0.23333333333333334,0.2,0.03333333333333333,0.23333333333333334,0.5666666666666667,High,Harmful,1.5,neg_tech>=20%,High,Harmful,1.5,neg_tech>=20%,0.23333333333333334,0.2,0.03333333333333333,0.23333333333333334,0.5666666666666667
https://www.linkedin.com/posts/amd_ocpsummit25-activity-7383925571044450305-GETn,"At #OCPSummit25, AMD showcased ""Helios"" â€” our most advanced rack-scale AI reference system, built on Metaâ€™s Open Rack for AI (ORW) design. What does AMD ""Helios"" mean to our customers and partners? âœ… Freedom to Build on Open Standards: With Metaâ€™s Open Rack Wide (ORW) design at its core, ""Helios"" gives OEMs and ODMs a flexible, interoperable foundation to innovate without being locked into proprietary systems âœ… Leadership Rack-Scale Performance: Delivering breakthrough FP4 and FP8 performance for training and inference at scale with industry-leading 31 TB of HBM4 memory, powered by AMD Instinct MI400 GPUs, EPYC CPUs, Pensando DPUs, and other leading components âœ… Scalable, High-Speed Connectivity: Move data seamlessly across GPUs, nodes, and racks with massive scale-up and high throughput scale-out bandwidth â€” keeping pace with AI at scale. âœ… Operational Efficiency Built In: Simplify deployment and servicing with double-wide layout and quick-disconnect liquid cooling that enhances sustainability and uptime. âœ… Future-Ready by Design: ""Helios"" provides a proven, OCP-aligned platform ready for the next generation of AI data centers. Learn more about ""Helios"" and how AMD and Meta are advancing open AI infrastructure: https://lnkd.in/g45H53qM.",2025-10-15 18:13:45,283,16.0,0.125,0.0625,0.1875,0.0625,0.3125,0.5,0.0625,0.3125,0.5,High,Harmful,1.5,neg_tech>=20%;negative>=30%;critical_hostile>=25%,High,Harmful,1.5,neg_tech>=20%;negative>=30%;critical_hostile>=25%,0.3125,0.5,0.0625,0.3125,0.5
https://www.linkedin.com/posts/nvidianetworking_nvidia-spectrum-x-ethernet-accelerates-activity-7383536622480351232-UnEs,"ğŸš€ NVIDIA Spectrum-X Ethernet Accelerates AI for Hyperscalers Meta and Oracle are integrating Spectrum-X Ethernet switches as an open, accelerated networking architecture that speeds deployment at scale, unlocks exponential gains in AI training efficiency, and shortens time to insights. âœ… Meta to introduce switches built on NVIDIA Spectrum Ethernet for its Facebook Open Switching System platform. âœ… Oracle to build giga-scale AI supercomputers with Spectrum-X Ethernet switches. Read the press release to see how they're accelerating the future of AI â¡ï¸ https://nvda.ws/4nHo35q",2025-10-14 01:03:17,633,25.0,0.4,0.0,0.08,0.08,0.16,0.0,0.12,0.16,0.68,Medium,Harmless,1.0,mixed/neutral,Medium,Harmless,1.0,mixed/neutral,0.16,0.0,0.12,0.16,0.68
https://www.linkedin.com/posts/meta_meta-connect-2025-al-glasses-news-activity-7374978109671919616-6fVP,"ICYMI ğŸ˜: Connect 2025 was a big day for AI glasses â€” let us break it down: ğŸ‘“ Meta Ray-Ban Display: the most advanced AI glasses weâ€™ve ever sold with an in-lens display and our Meta Neural Band that uses EMG to translate muscle movement into commands for your glasses ğŸ‘“ Oakley Meta Vanguard: our brand-new Performance AI glasses built for high-intensity sports ğŸ‘“ Ray Ban Meta (Gen 2): the worldâ€™s best-selling AI glasses just got better (with longer battery life, new Meta AI features, and more) #MetaConnect #techinnovation #AI #wearables",2025-09-20 03:30:01,1246,30.0,0.3,0.03333333333333333,0.23333333333333334,0.0,0.06666666666666667,0.1111111111111111,0.06666666666666667,0.06666666666666667,0.8,Low,Helpful,0.0,supportive signal,Low,Helpful,0.0,supportive signal,0.06666666666666667,0.1111111111111111,0.06666666666666667,0.06666666666666667,0.8
https://www.linkedin.com/posts/meta_metaconnect-activity-7369840032993505280-t_sD,"Donâ€™t miss Day 2 of Meta Connect 2025 on September 18. Join our Developer Keynote and Spotlight Conversation as Meta leaders reveal new technologies transforming the future of computing. ğŸ”µ Hear from executives across Meta on how our latest technologies are creating opportunities for developers to build new experiences for people. ğŸ”µ As Meta announces its latest line of new products and updates that take the next steps on the journey to the next computing platform, we look even further into the future. Join visionaries Michael Abrash and Richard Newcombe as they reveal the exciting future of glasses with contextual AI, and how Meta is poised to transform the future of computing. Join our LinkedIn event and get all the details about Meta Connect 2025 here: https://lnkd.in/gx_hwSuG #MetaConnect",2025-09-05 23:13:08,338,30.0,0.5333333333333333,0.16666666666666666,0.16666666666666666,0.03333333333333333,0.03333333333333333,0.0,0.03333333333333333,0.03333333333333333,0.3333333333333333,Medium,Harmless,1.0,mixed/neutral,Medium,Harmless,1.0,mixed/neutral,0.03333333333333333,0.0,0.03333333333333333,0.03333333333333333,0.3333333333333333
https://www.linkedin.com/posts/meta_dont-miss-meta-connect-2025-on-september-activity-7369481409641512961-dQhP,"Donâ€™t miss Meta Connect 2025 on September 17â€“18, a two-day event featuring our latest innovations in AI glasses, metaverse technologies, and beyond. Hear from Mark Zuckerberg as he dives deep into the latest tech during this year's Connect Keynote and join our Meta leaders for the developer sessions. Join our keynote event featuring the latest innovations in AI glasses, metaverse technologies, and beyond. Hear from Mark Zuckerberg as he dives deep into the latest tech during this year's Connect Keynote. ğŸ”µ Join Mark Zuckerberg for the Connect Keynote as he lays out Metaâ€™s vision for AI and the metaverse ğŸ”µ Experience how Meta Horizon is evolving as the social platform of the metaverse ğŸ”µ Attend virtually to get exclusive insights into the future of connection Sign up for our LinkedIn event and get all the details about Meta Connect 2025 here: https://lnkd.in/gx_hwSuG",2025-09-04 23:28:06,653,30.0,0.3333333333333333,0.06666666666666667,0.36666666666666664,0.03333333333333333,0.0,0.0,0.0,0.0,0.8,Low,Helpful,0.0,supportive signal,Low,Helpful,0.0,supportive signal,0.0,0.0,0.0,0.0,0.8
https://www.linkedin.com/posts/meta_introducing-meta-ray-ban-display-a-breakthrough-activity-7390002146286624768-PYk1,"Meta Ray-Ban Display is redefining what AI glasses can do â€” bringing seamless AI, intuitive gesture navigation and crisp visual information directly to users. ğŸ‘“ Learn more about the display glasses and Meta Neural Band here: https://lnkd.in/gaewqi_a #MetaRayBanDisplay #MetaNeuralBand #AI",2025-10-31 13:30:11,1433,30.0,0.5333333333333333,0.0,0.16666666666666666,0.03333333333333333,0.1,0.125,0.0,0.1,0.8333333333333334,Low,Helpful,0.0,supportive signal,Low,Helpful,0.0,supportive signal,0.1,0.125,0.0,0.1,0.8333333333333334
https://www.linkedin.com/posts/meta_meta-q3-2025-highlights-activity-7389716082263023616-MafP,A few highlights from Q3 2025 ğŸš€,2025-10-30 18:33:28,258,15.0,0.4666666666666667,0.06666666666666667,0.0,0.0,0.2,0.0,0.2,0.2,0.8,High,Harmful,1.5,toxic/burnout>=15%,High,Harmful,1.5,toxic/burnout>=15%,0.2,0.0,0.2,0.2,0.8
https://www.linkedin.com/posts/meta_metainterns-metacareers-lifeatmeta-activity-7371897909807808512-n0tJ,"ğŸŒ Summer Intern Spotlight Series: Meet Moeed C.! ğŸŒ Next up in our intern spotlight series is Moeed C., Software Engineer Intern on the Policy Assignment - Governance and Intelligence team. His experience highlights the hands-on learning and immediate impact that we offer our interns. ğŸš€ Hereâ€™s how Moeed embraced ownership and impact early in his internship: ""I realized I was in the right place to grow when I was deploying code to production on just my second day. This is the Meta approach: build quickly and thoughtfully. Itâ€™s about taking ownership of a problem and delivering a solution that truly addresses it. The focus isnâ€™t on the process, but on solving the challenge. There are no unnecessary barriers â€” just the freedom to make meaningful contributions."" His story exemplifies how Meta empowers interns to take initiative, move fast and create real impact from day one. Curious about interning at Meta and how to prepare for future opportunities? Learn more about the Meta internship experience here: https://lnkd.in/gVmqCxA3 #MetaInterns #MetaCareers #LifeAtMeta",2025-09-11 15:30:24,381,25.0,0.44,0.12,0.16,0.0,0.24,0.36363636363636365,0.0,0.24,0.64,High,Harmful,1.5,neg_tech>=20%,High,Harmful,1.5,neg_tech>=20%,0.24,0.36363636363636365,0.0,0.24,0.64
https://www.linkedin.com/posts/meta_building-cutting-edge-infrastructure-meet-activity-7369752984395743232-hCHc,"â€œWe are finally in a renaissance area of hardware, and suddenly, hardware engineering has become very cool.â€ â€“ Dharmesh J., Open Hardware Ecosystem Lead ğ‘¾ğ’‰ğ’š? In our latest blog, Dharmesh J. and Steve M. unpack how the astounding pace of AI innovation is reshaping expectations for infrastructure and development teams. Dive into how new approaches and fresh thinking are helping tackle todayâ€™s most complex infrastructure challenges. https://lnkd.in/dF6gXsh8 #LifeAtMeta #MetaCareers #Infrastructure #Hardware #AI",2025-09-05 17:27:14,599,30.0,0.43333333333333335,0.03333333333333333,0.23333333333333334,0.0,0.03333333333333333,0.0,0.0,0.03333333333333333,0.8333333333333334,Low,Helpful,0.0,supportive signal,Low,Helpful,0.0,supportive signal,0.03333333333333333,0.0,0.0,0.03333333333333333,0.8333333333333334
https://www.linkedin.com/posts/meta_join-meta-at-25wip-empowering-female-product-activity-7369377098727084037-dgla,"ğŸŒŸ Meta is proud to be a Title Sponsor of the 2025 Women In Product conference! ğŸŒŸ Join us at #25WIP on September 17th in Santa Clara for one of the largest gatherings of female product leaders back in person and online. Donâ€™t miss: ğŸ—£ï¸ Inspiring talks from top female product industry leaders, including a keynote from Emily D.S., Head of Product, Threads at Meta. ğŸš€ Educational hands-on workshops and expert-led sessions featuring our very own Jennifer B., Director, Product Management; Charlotte N. Senior Director, Product Management; and Vidya S., Product Manager with actionable insights you can apply right away. ğŸ¤ Opportunities to expand your professional network by connecting with Meta recruiters, fellow product leaders, mentors, and industry pioneers who can support your career growth. Interested in product management roles at Meta? We're actively hiring! Join us and watch your ideas develop from initial concepts into real-world products used by billions. ğŸ‘‡ ğŸ”¹ Product Manager https://lnkd.in/gMM-9tv8 ğŸ”¹ Product Manager, Machine Learning https://lnkd.in/gJKGy_34 ğŸ”¹ Technical Program Manager https://lnkd.in/gmuXTfU3 #MetaCareers #25WIP #ProductManager #TPM",2025-09-04 16:33:36,200,25.0,0.24,0.0,0.04,0.12,0.32,0.5,0.16,0.32,0.48,High,Harmful,1.5,neg_tech>=20%;toxic/burnout>=15%;negative>=30%;critical_hostile>=25%,High,Harmful,1.5,neg_tech>=20%;toxic/burnout>=15%;negative>=30%;critical_hostile>=25%,0.32,0.5,0.16,0.32,0.48
https://www.linkedin.com/posts/meta_vr-siggraph2025-virtualreality-activity-7367179332529680384-WK9T,"Metaâ€™s Reality Labs Research set a new standard for immersive #VR experiences at #SIGGRAPH2025 with its latest prototypes: Tiramisu and Boba 3. ğŸ”¹ Tiraâ€‹â€‹misu offers breathtaking clarity, an important milestone on our quest to pass the ""visual Turing test."" ğŸ”¹ Boba 3 boasts an impressive 180-degree field of view for heightened immersion. This is where science meets experience. Read more about the technological innovation behind these research prototypes: â¡ï¸ https://lnkd.in/g9AigAin #VirtualReality #XR #ImmersiveTech #TechInnovation #DigitalTransformation",2025-08-29 15:00:28,1229,30.0,0.4666666666666667,0.03333333333333333,0.16666666666666666,0.03333333333333333,0.16666666666666666,0.14285714285714285,0.0,0.16666666666666666,0.7,Medium,Harmless,1.0,mixed/neutral,Medium,Harmless,1.0,mixed/neutral,0.16666666666666666,0.14285714285714285,0.0,0.16666666666666666,0.7
https://www.linkedin.com/posts/meta_meta-intern-spotlight-series-meet-angela-activity-7366846019487031302-LNyV,"ğŸŒ Summer Intern Spotlight Series: Meet Angela Z.! ğŸŒ Continuing to highlight our 2025 summer interns, we're excited to introduce Angela Z., Software Engineer Intern on the Facebook Newsfeed Ranking team. Her journey illustrates how interns are empowered to innovate and experiment while making meaningful contributions at Meta. ğŸŒŸ Angela shares her experience of being challenged to do work that matters: ""At Meta, I was challenged to go beyond just learning â€” I was empowered to innovate with real purpose. As an intern on Facebook Newsfeed Ranking, I launched experiments that impacted the feed experience for millions of users. Meta's fast-paced culture and mission inspired me to progress quickly in my project and deliver meaningful contributions, enabling me to leave a lasting impact that will endure beyond my internship."" Her experience reflects the real hands-on learning and meaningful projects our interns work on during their time at Meta. As an intern, you get the opportunity to make a lasting impact on real products that millions of users use everyday. Curious about interning at Meta and how to prepare for future opportunities? Learn more about the Meta internship experience here: https://lnkd.in/eMrzKRe9 #MetaInterns #MetaCareers #LifeAtMeta",2025-08-28 16:56:00,249,30.0,0.23333333333333334,0.03333333333333333,0.06666666666666667,0.03333333333333333,0.43333333333333335,0.42857142857142855,0.16666666666666666,0.4,0.5,High,Harmful,1.5,neg_tech>=20%;toxic/burnout>=15%;negative>=30%;critical_hostile>=25%,High,Harmful,1.5,neg_tech>=20%;toxic/burnout>=15%;negative>=30%;critical_hostile>=25%,0.43333333333333335,0.42857142857142855,0.16666666666666666,0.4,0.5
https://www.linkedin.com/posts/meta_scale-product-2025-register-today-activity-7384975914734075905-goMe,"ğŸš€ Weâ€™re excited to announce that @Scale: Product 2025 will take place in person for the first time at the Meta Campus in Menlo Park, CA! ğŸ“… Wednesday, October 22, 2025 ğŸ“ Meta Campus, Menlo Park + Virtual ğŸ‘‰ Register today: https://lnkd.in/d7PMmmtd This year, weâ€™re bringing together the very best of Product @Scale, RTC @Scale, Mobile @Scale, and Video @Scale into one comprehensive program designed for engineers passionate about building and optimizing products at scale. Expect deep insights into the latest innovations, tools, and best practices driving efficiency and performance across product development, real-time communication, mobile platforms, and video technologies. Industry experts from Canva, LinkedIn, Meta, Microsoft, NVIDIA, and more will be sharing their expertise! âœ¨ Donâ€™t miss the final @Scale event of 2025 â€” join us to connect, learn, and help scale the future of large-scale product engineering. #Scale2025 #ProductEngineering #TechInnovation",2025-10-17 17:37:44,517,30.0,0.43333333333333335,0.1,0.13333333333333333,0.03333333333333333,0.5,0.46153846153846156,0.0,0.5,0.5,High,Harmful,1.5,neg_tech>=20%;negative>=30%;critical_hostile>=25%,High,Harmful,1.5,neg_tech>=20%;negative>=30%;critical_hostile>=25%,0.5,0.46153846153846156,0.0,0.5,0.5
https://www.linkedin.com/posts/meta_metainterns-metacareers-lifeatmeta-activity-7364706552940826625-CKC0,"ğŸŒ Summer Intern Spotlight Series: Meet Aayan A.! ğŸŒ Next up in our summer intern spotlight series: Aayan A., a Software Engineer Intern on the Facebook Creators Professional Mode Team. His journey at Meta highlights the valuable impact that interns can have in a short amount of time. ğŸŒ Aayan shares first-hand how interning at Meta has given him the opportunity to make impact at scale: ""I chose Meta because of the impact I could have as an engineer here. Meta's products connect nearly half the world and help bring them closer. There is no other place where someone can make such a big impact. Working at Meta has been a rewarding experience as I got to work with people who have solved some of the biggest technical challenges and scaled products from a few hundred users to billions.â€ ğŸŒ± Beyond impact, Aayan has also experienced significant career growth: ""Interning at Meta has made me an exponentially better engineer â€” it has taught me how to unblock myself, know when to ask for help, and learn new things quickly. Something that really surprised me was how much autonomy engineers have and how much of the new ideas come bottom-up. Meta empowers its engineers, PMs and designers to constantly improve its products and deliver a better experience to its users."" Aayanâ€™s story is just one example of how the culture at Meta fosters growth, innovation and autonomy. Stay tuned for more inspiring intern journeys as we continue the series! Curious about interning at Meta and how to prepare for future opportunities? Learn more about the Meta internship experience here: https://lnkd.in/givBG3xs #MetaInterns #MetaCareers #LifeAtMeta",2025-08-22 19:14:31,552,30.0,0.2,0.06666666666666667,0.2,0.0,0.43333333333333335,0.6666666666666666,0.0,0.43333333333333335,0.5,High,Harmful,1.5,neg_tech>=20%;negative>=30%;critical_hostile>=25%,High,Harmful,1.5,neg_tech>=20%;negative>=30%;critical_hostile>=25%,0.43333333333333335,0.6666666666666666,0.0,0.43333333333333335,0.5
